uid,nbhd,nbhd_size,equiv_size,precision_nbhd,precision_equiv,recall_nbhd,recall_equiv,f1_nbhd,f1_equiv
2,"[54, 89, 135, 168, 209, 448, 449, 629, 860, 1123]",22,22898,0.6952380952380953,0.7558748289606805,0.9285714285714286,0.8536830467804977,0.7951403435274405,0.8018071753706902
12,"[68, 69, 71, 78, 90, 101, 104, 137, 140, 174]",27,22895,0.835,0.7556577380952428,0.9,0.8536939484127015,0.8662824207492795,0.8016898276384967
15,"[304, 507, 580, 821, 1192, 1214, 1226, 1518, 1619, 2111]",15,22905,0.6388888888888888,0.7559870261262917,0.8888888888888888,0.8537200698288036,0.7434343434343434,0.8018866268975079
41,"[31, 45, 113, 120, 125, 126, 155, 200, 214, 251]",28,22895,0.6545454545454545,0.755998094897903,0.8181818181818182,0.8538464209878779,0.7272727272727274,0.8019485872485682
47,"[37, 68, 132, 142, 144, 171, 197, 201, 256, 268]",14,22909,0.9166666666666666,0.7556269331429977,1.0,0.8536199341740058,0.9565217391304348,0.8016398553007967
57,"[38, 152, 155, 184, 233, 251, 269, 369, 395, 433]",18,22904,0.6363636363636364,0.7560338155623074,0.7272727272727273,0.8540250243098997,0.6787878787878787,0.8020474553165446
73,"[46, 599, 821, 826, 902, 986, 1028, 1039, 1095, 1226]",19,22898,0.5703703703703703,0.7560971255133059,0.7407407407407407,0.8539581225574828,0.6444862942038083,0.8020535724449425
82,"[145, 213, 305, 393, 437, 447, 448, 572, 580, 606]",20,22897,0.7291666666666666,0.7558372009996477,0.8392857142857143,0.8537971841122531,0.7803605313092978,0.8018363422522478
104,"[12, 29, 38, 97, 105, 112, 125, 161, 165, 178]",28,22894,0.643939393939394,0.756018931952139,0.9090909090909091,0.8536678176658561,0.753880266075388,0.8018815237272906
105,"[27, 30, 43, 61, 88, 98, 104, 196, 197, 203]",18,22904,0.6333333333333333,0.7559740568844506,0.75,0.853924689594989,0.6867469879518072,0.8019695813523804
113,"[4, 41, 67, 88, 164, 168, 178, 234, 269, 279]",10,22911,0.7619047619047619,0.7557915402463014,1.0,0.8535938088722342,0.8648648648648648,0.8017209550286973
153,"[24, 74, 80, 86, 108, 155, 167, 203, 211, 222]",29,22893,0.8318181818181819,0.7556498184199606,1.0,0.8534892143438343,0.9081885856079405,0.8015950849624113
165,"[21, 60, 78, 104, 106, 164, 203, 280, 292, 395]",23,22896,0.7629629629629631,0.7557876569660226,0.8888888888888888,0.8537200698288036,0.8211260587942203,0.8017744562999941
166,"[821, 4743, 3642, 417, 1214, 5052, 3883, 4178, 1028, 356]",9,22910,0.32857142857142857,0.7563329168897662,0.42857142857142855,0.8543077121383417,0.3719676549865229,0.8023404255397542
168,"[2, 40, 43, 60, 77, 91, 113, 196, 201, 203]",31,22893,0.664814814814815,0.7559453668987727,1.0,0.853541530282294,0.7986651835372638,0.8017844275746226
172,"[49, 127, 184, 188, 212, 241, 371, 391, 445, 452]",30,22892,0.7227272727272727,0.7558641424063868,0.8636363636363636,0.853757119326867,0.7869236780411564,0.8018338327967397
175,"[941, 2182, 4196, 4550, 4804, 5383, 5400, 5899, 1469, 1970]",19,22902,0.5599999999999999,0.7561488095238142,0.8,0.8538725198412729,0.6588235294117647,0.8020448892036631
181,"[304, 592, 821, 826, 835, 986, 1526, 1813, 1892, 1970]",15,22902,0.29259259259259257,0.7565434743795799,0.5185185185185185,0.8543152016505019,0.374090985963132,0.8024621904943476
192,"[356, 1970, 2834, 3623, 4061, 4189, 4211, 4464, 4649, 4804]",21,22896,0.6777777777777777,0.7559245372850133,0.8333333333333334,0.8538093396020583,0.7475490196078431,0.8018908457296345
208,"[356, 572, 841, 1123, 1178, 1309, 1435, 1615, 1713, 2160]",13,22908,0.6875,0.7558967035582577,1.0,0.8535676742433289,0.8148148148148148,0.8017685885110802
214,"[41, 126, 311, 381, 421, 559, 580, 683, 703, 709]",12,22907,0.8125,0.7557181958824276,0.875,0.853746181919159,0.8425925925925926,0.8017468832988317
230,"[43, 160, 200, 356, 572, 592, 807, 989, 1039, 1070]",6,22914,0.7,0.7558489443948903,0.8,0.8538244622856608,0.7466666666666666,0.8018549798222857
252,"[67, 171, 285, 356, 358, 375, 383, 391, 421, 430]",18,22903,0.8916666666666666,0.7556051410210686,1.0,0.8535676742433289,0.9427312775330396,0.8016045470687186
282,"[45, 50, 60, 61, 67, 72, 116, 145, 154, 203]",28,22895,0.45757575757575764,0.7563850687622837,0.7272727272727273,0.8540250243098997,0.5617298302720297,0.8022450672859762
301,"[304, 835, 1214, 1907, 3009, 3234, 3623, 3877, 4255, 4420]",10,22909,0.75,0.7558053771115916,0.8333333333333334,0.8537983781425996,0.7894736842105262,0.8018189608006042
316,"[14, 21, 66, 69, 72, 138, 197, 203, 253, 276]",16,22906,0.8777777777777778,0.7556031661012961,1.0,0.853541530282294,0.9349112426035503,0.8015919067187545
324,"[4, 50, 116, 140, 280, 357, 388, 448, 449, 466]",25,22897,0.8099999999999999,0.7557023809523855,0.9,0.8536939484127015,0.8526315789473684,0.8017149506916437
338,"[158, 200, 874, 1811, 3376, 4192, 4492, 4672, 5051, 1379]",12,22905,0.18,0.7568273809523857,0.16666666666666666,0.8550034722222253,0.17307692307692307,0.8029254897468361
355,"[158, 947, 3623, 3897, 4189, 4211, 4288, 4991, 5125, 5146]",9,22906,0.75,0.7558074497203426,0.7142857142857143,0.8539756917880832,0.7317073170731706,0.8018983092700479
357,"[49, 51, 101, 112, 167, 226, 256, 294, 324, 382]",13,22909,0.6428571428571429,0.7559402700934069,0.8571428571428571,0.8537722846887611,0.7346938775510204,0.8018833543523243
373,"[21, 51, 110, 112, 155, 189, 203, 218, 227, 287]",20,22902,0.5629629629629629,0.7561090281497398,0.6666666666666666,0.8540771489218226,0.610441767068273,0.8021127646377494
377,"[21, 79, 211, 709, 821, 835, 1174, 1240, 1444, 1783]",12,22907,0.39999999999999997,0.7562436789815028,0.42857142857142855,0.8543077121383417,0.4137931034482758,0.8022902103863323
395,"[32, 55, 57, 61, 64, 69, 71, 85, 97, 129]",18,22905,0.6111111111111112,0.756031661012919,0.6666666666666666,0.8540771489218226,0.6376811594202899,0.802069228549485
415,"[112, 171, 1039, 1111, 1456, 2673, 3307, 3325, 3575, 3739]",14,22905,0.6541666666666667,0.7559443056051458,0.875,0.853746181919159,0.7486376021798364,0.8018741113970563
429,"[835, 989, 3286, 4804, 5125, 5899, 5245, 5207, 5897, 4178]",18,22897,0.6900000000000001,0.7559166666666713,0.7571428571428571,0.8539490504535179,0.7220138203356368,0.8019480294005163
431,"[79, 269, 280, 294, 364, 473, 688, 709, 759, 841]",19,22899,0.5833333333333333,0.7561071428571475,0.7833333333333334,0.8539022817460348,0.6686991869918699,0.802034577765685
440,"[4, 6, 12, 35, 50, 51, 54, 57, 68, 81]",26,22896,0.7,0.7558988095238142,0.8,0.8538725198412729,0.7466666666666666,0.8019042325566665
520,"[345, 384, 835, 1305, 1615, 1864, 2045, 2538, 3115, 3214]",16,22904,0.7166666666666666,0.7558690476190524,0.9,0.8536939484127015,0.7979381443298967,0.8018087311099278
530,"[12, 79, 85, 164, 269, 356, 448, 473, 492, 625]",9,22910,0.7999999999999999,0.7557518439210134,1.0,0.8536199341740058,0.888888888888889,0.80171014310113
533,"[821, 2329, 3234, 5439, 5174, 5215, 2710, 5529, 932, 3739]",7,22910,0.5499999999999999,0.7560195098739043,0.6333333333333333,0.8540125109049123,0.5887323943661972,0.8020338870132477
543,"[158, 1477, 1573, 1986, 2037, 2834, 3132, 3764, 4178, 4259]",11,22904,0.6071428571428571,0.7559848890475387,0.6507936507936508,0.854030083090411,0.6282109058134294,0.8020221535592592
559,"[14, 18, 55, 74, 97, 119, 159, 180, 189, 196]",26,22898,0.8083333333333332,0.7557053571428618,0.8833333333333334,0.8537237103174634,0.8441707717569785,0.8017297493263921
572,"[22, 33, 63, 64, 77, 82, 129, 138, 145, 154]",38,22886,0.7481481481481481,0.7558114622388905,0.931216931216931,0.8536520547634665,0.8297043104856588,0.8017578540154809
595,"[4, 61, 128, 164, 191, 207, 276, 384, 422, 580]",17,22904,0.574074074074074,0.7560911741950888,0.7777777777777778,0.853898609375313,0.6605783866057838,0.8020239740582203
612,"[16, 30, 38, 41, 116, 152, 164, 171, 183, 184]",21,22898,0.8407407407407407,0.7556626792834659,1.0,0.853541530282294,0.9134808853118712,0.8016253944884678
621,"[826, 865, 994, 1095, 1111, 1189, 1213, 1454, 1573, 1864]",17,22900,0.6833333333333333,0.7559156103076878,0.8518518518518517,0.8537795830109733,0.7583433856051467,0.8018726989293063
663,"[1, 12, 16, 155, 339, 357, 387, 448, 468, 497]",17,22905,0.8333333333333334,0.7556745819198999,0.8888888888888888,0.8537200698288036,0.8602150537634408,0.8017108248042599
665,"[3, 11, 40, 87, 101, 176, 205, 212, 242, 262]",36,22887,0.715,0.7558720238095284,0.975,0.8535600198412729,0.8250000000000001,0.8017513285951569
669,"[153, 835, 3877, 4192, 4196, 4358, 4442, 5725, 5999, 5899]",17,22900,0.7272727272727273,0.7558552122402856,0.7012987012987013,0.8540760538304772,0.7140495867768595,0.8019694387487052
678,"[2829, 5159, 5635, 4743, 835, 2613, 5145, 4365, 3132, 5069]",11,22903,0.725,0.7558431512555086,0.8125,0.853835435757074,0.7662601626016259,0.8018565589717973
700,"[52, 72, 76, 79, 99, 119, 143, 144, 203, 252]",25,22896,0.6066666666666667,0.7560654761904808,0.9,0.8536939484127015,0.7247787610619468,0.8019192331011683
705,"[12, 171, 191, 200, 642, 680, 683, 805, 879, 906]",8,22911,0.7999999999999999,0.7557518439210134,0.8333333333333334,0.8537983781425996,0.8163265306122449,0.8017888348842566
713,"[1154, 1582, 2440, 2613, 3642, 3959, 4211, 4991, 5221, 5914]",11,22908,0.8666666666666667,0.7556210200559471,0.8888888888888888,0.8537200698288036,0.8776371308016878,0.8016806804485077
714,"[12, 158, 1477, 1479, 2811, 3623, 4038, 4061, 4804, 5012]",23,22894,0.661111111111111,0.7559513182169897,0.7555555555555555,0.8539343172846149,0.705185185185185,0.8019610319970288
719,"[27, 29, 71, 72, 106, 167, 178, 184, 203, 209]",22,22902,0.6229166666666668,0.7559889325241032,1.0,0.8535676742433289,0.767650834403081,0.8018204667983255
721,"[1477, 2467, 226, 5681, 4288, 1596, 1295, 4912, 5391, 1906]",13,22901,0.7452380952380953,0.7558123624248961,0.9285714285714286,0.8536830467804977,0.8268644584434058,0.8017720294931411
754,"[254, 589, 1070, 1310, 1580, 1653, 1711, 1821, 1892, 1907]",5,22918,0.5,0.7560273565269153,0.6,0.8540028744176857,0.5454545454545454,0.8020340527812191
780,"[782, 2908, 3838, 4787, 5439, 5529, 2623, 304, 5533, 4410]",20,22894,0.6592592592592593,0.7559542938760981,0.8444444444444444,0.8537914856474073,0.7404488232074439,0.8018997134330875
788,"[221, 345, 434, 688, 821, 826, 941, 1026, 1111, 1123]",22,22897,0.5606060606060606,0.7561826516639922,0.6363636363636364,0.8542036276319215,0.5960874568469505,0.8022099697547354
796,"[986, 3325, 3838, 5967, 1240, 61, 2440, 4679, 2053, 4991]",14,22902,0.6458333333333333,0.7559562061168676,0.828125,0.8538131222975952,0.7257067137809187,0.8019103324581499
800,"[79, 164, 298, 313, 318, 383, 395, 580, 683, 900]",15,22905,0.6875,0.7558967035582577,0.75,0.853924689594989,0.717391304347826,0.8019260530356418
802,"[12, 572, 821, 835, 1154, 1250, 1573, 1713, 1864, 1893]",15,22901,0.6444444444444444,0.7559780991489661,0.7301587301587301,0.853975126323817,0.684629201950218,0.8019940983430655
819,"[27, 67, 88, 104, 189, 200, 221, 243, 285, 315]",15,22904,0.6909090909090909,0.7559266535690943,0.7272727272727273,0.8540250243098997,0.7086247086247086,0.8019871497526643
822,"[1558, 2312, 2829, 3307, 3366, 4068, 4413, 4743, 5101, 5802]",16,22903,0.7925925925925925,0.7557400464202867,0.8888888888888888,0.8537200698288036,0.8379833578071463,0.8017476651810321
824,"[50, 356, 835, 986, 1270, 1615, 1864, 2123, 2207, 2710]",18,22901,0.4962962962962963,0.7562161518776456,0.7777777777777778,0.853898609375313,0.6059431524547804,0.8020942805008217
857,"[8, 60, 93, 124, 214, 226, 292, 381, 407, 449]",25,22895,0.8354166666666667,0.7556854694751922,1.0,0.8535676742433289,0.9103291713961408,0.801649748092388
867,"[14, 40, 46, 47, 60, 64, 104, 116, 160, 174]",21,22900,0.7766666666666666,0.7557619047619094,0.9,0.8536939484127015,0.8337972166998011,0.8017484459278318
869,"[835, 906, 986, 947, 1907, 5656, 4974, 2412, 5725, 5899]",12,22902,0.6814814814814815,0.7559185859667963,0.7301587301587301,0.8539751263238172,0.7049808429118773,0.8019606077261152
870,"[8, 50, 107, 119, 129, 138, 160, 207, 214, 252]",28,22896,0.6,0.7560773809523855,0.7,0.8540510912698444,0.6461538461538462,0.8020834652971807
902,"[45, 73, 81, 145, 174, 180, 237, 255, 271, 289]",44,22880,0.7550000000000001,0.7558005952380998,0.9466666666666667,0.8536106150793681,0.8400391772771794,0.801733462327859
910,"[64, 171, 172, 191, 207, 213, 282, 313, 341, 356]",5,22917,0.2,0.7562949747249529,0.4,0.8541812865497107,0.26666666666666666,0.8022633180700637
911,"[2204, 2613, 3838, 209, 5400, 3570, 4527, 3662, 4641, 5069]",18,22900,0.7925925925925925,0.7557400464202867,1.0,0.853541530282294,0.884297520661157,0.801668924886225
924,"[46, 79, 221, 835, 1529, 1772, 2152, 2336, 2834, 3122]",12,22906,0.6428571428571429,0.7559402700934069,0.6904761904761906,0.853980506474709,0.6658163265306123,0.80197518302129
929,"[1039, 1270, 1711, 1844, 2159, 4649, 4743, 5334, 5606, 2884]",12,22903,0.7041666666666666,0.7558729025348137,0.8214285714285714,0.8538226852088004,0.7582910651580178,0.8018676776315278
934,"[2373, 2475, 2829, 3623, 3642, 3980, 4196, 4677, 4743, 4874]",15,22902,0.6875,0.7558967035582577,0.8333333333333333,0.853805684477769,0.7534246575342466,0.8018735726216777
947,"[23, 28, 29, 85, 127, 163, 167, 196, 198, 222]",46,22877,0.5666666666666667,0.7561707447758574,0.817099567099567,0.8538485472179019,0.6692215443975181,0.8020466525913498
950,"[21, 71, 128, 138, 200, 220, 228, 269, 296, 297]",18,22903,0.7222222222222222,0.7558531214664095,0.8888888888888888,0.8537200698288036,0.7969348659003831,0.8018112915006542
979,"[85, 287, 341, 345, 354, 364, 473, 552, 572, 580]",16,22903,0.8111111111111111,0.755710289829202,1.0,0.853541530282294,0.8957055214723927,0.8016521829208837
989,"[4, 26, 40, 93, 99, 100, 105, 137, 164, 183]",36,22887,0.685,0.7559255952380998,0.9,0.8536939484127015,0.7779179810725553,0.8018405450537147
996,"[835, 1970, 3039, 3286, 3764, 3877, 4178, 5215, 5238, 153]",11,22903,0.75,0.7558074497203426,0.8194444444444444,0.8538255186639723,0.7831858407079645,0.8018320951953659
1001,"[47, 356, 947, 1249, 1431, 1770, 2234, 2347, 2348, 2412]",17,22897,0.5666666666666667,0.7561030768315228,0.7222222222222222,0.8539878791485678,0.6350574712643678,0.8020700453012706
1070,"[6, 10, 80, 83, 84, 133, 164, 165, 230, 237]",33,22891,0.8296296296296296,0.7556805332381169,0.9629629629629629,0.8536010434644639,0.8913376186103459,0.8016616868497886
1114,"[4, 14, 55, 489, 507, 572, 617, 627, 649, 860]",12,22906,0.8888888888888888,0.7555853121466451,0.8703703703703705,0.8537498264198883,0.87953216374269,0.8016737019303531
1134,"[21, 200, 356, 399, 417, 600, 614, 821, 835, 841]",15,22905,0.5,0.7562102005594286,0.5555555555555556,0.8542556884683321,0.5263157894736842,0.8022484299815363
1137,"[835, 3969, 4421, 5899, 906, 3544, 3928, 5552, 5192, 741]",10,22905,0.6625,0.7559324050934237,0.6964285714285714,0.8540011928846305,0.6790407358738502,0.8019798785499123
1159,"[6, 21, 61, 71, 167, 171, 243, 253, 269, 276]",14,22905,0.5416666666666666,0.7561049625133929,0.75,0.853924689594989,0.6290322580645162,0.8020432351292077
1160,"[165, 178, 184, 206, 221, 285, 288, 325, 339, 365]",23,22897,0.6818181818181818,0.7559445139012965,0.8181818181818182,0.8538464209878779,0.7438016528925621,0.8019184400544281
1177,"[61, 89, 164, 234, 279, 353, 414, 417, 449, 473]",13,22907,0.6428571428571429,0.7559402700934069,0.7142857142857143,0.853950760505288,0.6766917293233083,0.8019620660943398
1184,"[12, 158, 317, 572, 599, 640, 986, 1214, 1229, 1258]",11,22910,0.5714285714285714,0.7560295080016703,0.7142857142857143,0.853950760505288,0.634920634920635,0.8020122804625227
1187,"[40, 43, 52, 60, 64, 67, 68, 110, 116, 164]",19,22904,0.6375,0.7559681066285896,0.75,0.853924689594989,0.6891891891891891,0.8019662331688311
1194,"[835, 5311, 89, 5635, 5793, 4068, 3234, 4749, 4873, 6034]",9,22906,0.7999999999999999,0.7557439466952275,0.7857142857142857,0.8538615225970245,0.7927927927927928,0.8018122320402055
1203,"[835, 1772, 4324, 5899, 3776, 4968, 874, 4885, 4741, 489]",16,22899,0.75,0.7558095238095285,0.7555555555555555,0.853951884920638,0.7527675276752768,0.8018889805629638
1211,"[128, 2045, 3133, 4230, 4896, 5174, 5380, 835, 2217, 874]",12,22905,0.5740740740740741,0.756091174195089,0.6349206349206349,0.8541281602208253,0.6029662047167519,0.8021252133439446
1230,"[164, 254, 391, 503, 580, 790, 1213, 1226, 1986, 2049]",12,22903,0.8571428571428571,0.7556725563686166,0.9365079365079365,0.8536731314573572,0.8950695322376739,0.8016889875574584
1257,"[6, 32, 68, 69, 76, 81, 171, 182, 226, 233]",25,22897,0.7777777777777778,0.7557638516931546,0.8888888888888888,0.8537200698288036,0.8296296296296296,0.8017610609386419
1259,"[41, 74, 89, 106, 112, 116, 152, 209, 285, 405]",19,22901,0.8351851851851851,0.7556716062607914,1.0,0.853541530282294,0.9101917255297679,0.801630417440289
1264,"[986, 3838, 4129, 4211, 5215, 2037, 3893, 1247, 4192, 1713]",22,22892,0.5433333333333333,0.756178571428576,0.7428571428571429,0.8539745606575995,0.6276194002221399,0.8021066449471694
1270,"[18, 34, 59, 62, 65, 72, 77, 103, 104, 144]",43,22878,0.5984848484848484,0.7561082336131499,0.8528138528138527,0.8537783816271077,0.7033647436331999,0.8019805344276686
1278,"[21, 78, 108, 141, 188, 221, 227, 232, 269, 383]",19,22900,0.5296296296296297,0.7561625900136927,0.6666666666666666,0.8540771489218226,0.5902992776057792,0.8021429025558269
1312,"[14, 27, 66, 68, 71, 72, 94, 126, 138, 158]",17,22903,0.8166666666666668,0.7556904761904808,0.9,0.8536939484127015,0.8563106796116505,0.8017082513470852
1340,"[1226, 1573, 821, 3642, 986, 1154, 1459, 5028, 2759, 5628]",10,22904,0.6047619047619047,0.7559878636444808,0.7714285714285715,0.8538793701786773,0.6780029658922392,0.8019573630782808
1366,"[47, 172, 196, 341, 348, 497, 580, 632, 670, 703]",23,22893,0.7666666666666667,0.7557817056478057,0.9555555555555555,0.8536129461008977,0.850752688172043,0.8017238626538199
1367,"[315, 353, 356, 607, 860, 874, 1026, 1028, 1039, 1318]",16,22900,0.9222222222222223,0.7555317502826923,0.9523809523809523,0.853618047230798,0.9370589895568726,0.8015854562375159
1389,"[1154, 1562, 2440, 2908, 4196, 4549, 5146, 986, 4255, 1573]",13,22901,0.6479166666666667,0.7559532309889372,0.8125,0.853835435757074,0.7209343794579173,0.8019184998961685
1391,"[61, 247, 564, 580, 627, 688, 821, 835, 860, 1154]",23,22894,0.5116666666666667,0.7562351190476236,0.7,0.8540510912698444,0.5911966987620358,0.8021722157725882
1420,"[12, 21, 325, 1039, 2373, 2867, 3009, 3325, 3381, 3893]",16,22899,0.7777777777777778,0.7557638516931546,0.8395061728395061,0.8537994207383632,0.8074639525021203,0.8017960521872731
1433,"[1, 12, 61, 98, 152, 161, 171, 183, 203, 207]",19,22901,0.6277777777777778,0.7560048800809426,0.7777777777777778,0.853898609375313,0.6947738252086079,0.8019754227628911
1443,"[18, 20, 34, 66, 89, 104, 141, 191, 241, 268]",17,22905,0.8571428571428571,0.7556725563686166,0.8333333333333334,0.8538020306581822,0.8450704225352113,0.8017458223208859
1448,"[1226, 835, 4421, 3043, 315, 511, 1256, 2640, 4324, 4230]",13,22901,0.7222222222222222,0.7558531214664095,0.7222222222222222,0.8539878791485678,0.7222222222222222,0.8019293879362492
1449,"[4692, 1844, 5292, 1154, 932, 5380, 2920, 986, 4741, 1083]",13,22904,0.5416666666666666,0.7561049625133928,0.625,0.8541031972708191,0.5803571428571429,0.8021219642081131
1453,"[32, 44, 55, 81, 97, 113, 121, 131, 138, 161]",24,22899,0.7575757575757575,0.7557956777996118,0.9090909090909091,0.8536678176658561,0.8264462809917354,0.8017559251095474
1460,"[4, 41, 43, 61, 71, 81, 98, 141, 155, 209]",12,22909,0.7222222222222222,0.7558351177730241,0.8333333333333334,0.8537983781425996,0.7738095238095238,0.8018356965549339
1474,"[211, 250, 294, 317, 405, 512, 683, 860, 1225, 1237]",13,22908,0.7222222222222222,0.7558531214664095,0.7777777777777778,0.853898609375313,0.7489711934156379,0.8018900268237913
1482,"[4, 54, 89, 97, 101, 171, 183, 185, 191, 203]",24,22898,0.89375,0.7556021658931381,1.0,0.8535676742433289,0.9438943894389439,0.8016028728700653
1483,"[16, 992, 1045, 1154, 1226, 1478, 1832, 2160, 2647, 2834]",9,22910,0.7000000000000001,0.7558688797667962,0.8571428571428571,0.8537722846887611,0.7706422018348623,0.8018431867352384
1526,"[17, 78, 144, 155, 181, 218, 270, 289, 351, 437]",40,22884,0.79,0.7557380952380999,0.8333333333333333,0.8538129960317492,0.811088295687885,0.8017875428874953
1535,"[143, 170, 199, 243, 246, 290, 321, 323, 324, 330]",29,22894,0.6060606060606061,0.7560933500029815,0.7878787878787878,0.853905955428552,0.6851119894598154,0.8020284384587599
1539,"[4, 11, 22, 85, 90, 105, 145, 154, 158, 218]",22,22900,0.6383333333333333,0.7560089285714332,0.8,0.8538725198412729,0.7100811123986095,0.8019661938439859
1552,"[356, 488, 503, 835, 1214, 1247, 1417, 1477, 1487, 1535]",16,22902,0.6685185185185185,0.7559394155805558,0.8611111111111112,0.8537647047154309,0.7526903416733925,0.8018795302669856
1554,"[11, 31, 40, 60, 86, 98, 99, 110, 128, 133]",15,22908,0.7592592592592592,0.7557936082842396,0.8888888888888888,0.8537200698288036,0.818976279650437,0.801777805078419
1564,"[12, 27, 35, 51, 74, 81, 104, 191, 194, 207]",13,22906,0.65,0.7559502558610067,0.75,0.853924689594989,0.6964285714285715,0.8019561884696806
1575,"[3, 37, 71, 86, 104, 203, 211, 232, 246, 269]",24,22896,0.6816666666666668,0.7559315476190525,0.9,0.8536939484127015,0.7757639620653319,0.8018438937598713
1584,"[835, 4255, 4672, 941, 2908, 4145, 3838, 5292, 5036, 1596]",13,22902,0.4592592592592592,0.7562756650598154,0.5,0.854344958241587,0.4787644787644787,0.8023246345377822
1622,"[11, 29, 30, 78, 87, 99, 102, 167, 171, 184]",26,22896,0.625925925925926,0.756007855740051,1.0,0.853541530282294,0.7699316628701595,0.8018195747177161
1634,"[32, 43, 98, 159, 160, 205, 228, 266, 270, 297]",26,22894,0.7425925925925926,0.7558203892162162,0.8611111111111112,0.8537647047154309,0.7974724146779575,0.8018125588388283
1646,"[51, 79, 97, 108, 119, 142, 178, 184, 194, 207]",14,22909,0.5952380952380951,0.7559997620322494,0.7142857142857143,0.853950760505288,0.6493506493506493,0.8019955429583131
1649,"[64, 78, 79, 87, 98, 128, 162, 191, 210, 305]",20,22901,0.6738095238095239,0.7559016003331596,0.8571428571428571,0.8537722846887611,0.754499000222173,0.8018615973353432
1650,"[94, 821, 1154, 2045, 2385, 2440, 2470, 2488, 2623, 4061]",18,22900,0.7111111111111111,0.7558470140375969,0.7999999999999999,0.8538340669363184,0.7529411764705882,0.8018581290486722
1662,"[31, 60, 110, 122, 191, 210, 243, 256, 270, 292]",19,22903,0.7407407407407408,0.7558233648753246,0.8888888888888888,0.8537200698288036,0.8080808080808081,0.8017945485990785
1670,"[86, 87, 97, 116, 336, 353, 354, 449, 471, 511]",31,22893,0.8516666666666666,0.755627976190481,0.9833333333333332,0.853545138888892,0.9127762640024218,0.8016074589389638
1693,"[782, 1341, 1713, 2160, 2673, 5159, 5899, 3015, 3043, 1270]",14,22907,0.625,0.7559859573961727,0.875,0.853746181919159,0.7291666666666666,0.8018975442535419
1700,"[12, 20, 37, 41, 109, 121, 124, 126, 137, 200]",19,22901,0.85,0.7556309523809571,0.9,0.8536939484127015,0.8742857142857143,0.8016747531375688
1704,"[8, 61, 72, 103, 119, 183, 187, 189, 257, 305]",31,22893,0.4766666666666667,0.7562976190476237,0.5833333333333333,0.8542594246031777,0.5246331236897275,0.8022992683473772
1716,"[171, 835, 1083, 1123, 1189, 1249, 1332, 1364, 1469, 1535]",17,22900,0.4962962962962963,0.7562161518776456,0.6444444444444444,0.8541128568311245,0.5607503607503608,0.8021887879669516
1717,"[417, 2440, 4184, 4365, 4421, 4549, 5380, 5899, 3802, 1270]",17,22900,0.5272727272727272,0.7562481395487337,0.6181818181818182,0.8542393482963259,0.569119769119769,0.8022625729838277
1723,"[12, 51, 106, 112, 132, 164, 171, 197, 233, 269]",15,22901,0.8523809523809524,0.7556785055625009,0.9523809523809523,0.8536533008110765,0.8996105038321397,0.8016835907556343
1740,"[60, 77, 189, 197, 200, 233, 243, 269, 287, 298]",21,22901,0.775,0.7557648809523856,0.9,0.8536939484127015,0.8328358208955223,0.8017501206246054
1748,"[1192, 4549, 3542, 4110, 1964, 5967, 3838, 5498, 5192, 2834]",12,22904,0.7354166666666666,0.7558282756158561,0.8214285714285714,0.8538226852088004,0.7760466450009558,0.8018425653129735
1751,"[30, 55, 61, 78, 87, 103, 154, 178, 186, 205]",33,22890,0.6742424242424242,0.7559593975114649,0.8863636363636364,0.8537124684963616,0.7658870255957634,0.8018677308849692
1758,"[200, 835, 2133, 2182, 3739, 4628, 4991, 5171, 341, 3039]",15,22906,0.41666666666666663,0.7564047619047667,0.5,0.8544082341269872,0.45454545454545453,0.802425183427755
1761,"[30, 64, 72, 98, 107, 111, 171, 191, 221, 253]",13,22905,0.6333333333333334,0.7559521684811755,0.8571428571428571,0.8537722846887611,0.7284345047923323,0.8018900486087865
1763,"[4, 50, 67, 102, 126, 227, 234, 250, 269, 280]",14,22907,0.6851851851851851,0.7559126346485793,0.7777777777777778,0.853898609375313,0.7285513361462729,0.8019235173463243
1775,"[799, 835, 841, 874, 1076, 1240, 1417, 1424, 1573, 1713]",16,22901,0.7,0.7558988095238142,0.8833333333333334,0.8537237103174633,0.7810526315789473,0.801838602947552
1782,"[8, 12, 86, 112, 174, 184, 241, 282, 316, 327]",21,22900,0.8181818181818182,0.755676608918264,0.9090909090909091,0.8536678176658561,0.861244019138756,0.8016889249315332
1787,"[35, 37, 50, 57, 60, 64, 67, 91, 189, 248]",14,22908,0.8,0.7557202380952427,0.8,0.8538725198412729,0.8000000000000002,0.8018037367721341
1818,"[32, 85, 88, 183, 196, 197, 203, 277, 313, 357]",21,22901,0.64,0.756005952380957,0.8,0.8538725198412729,0.7111111111111111,0.8019645193260512
1833,"[200, 305, 315, 345, 384, 449, 473, 507, 511, 688]",21,22895,0.7266666666666667,0.7558511904761951,0.75,0.8539618055555587,0.7381489841986457,0.8019168051711244
1854,"[315, 572, 835, 989, 1270, 1382, 2514, 2532, 2671, 2710]",13,22908,0.7916666666666667,0.7557479471617327,0.875,0.853746181919159,0.83125,0.8017636258804192
1860,"[46, 2440, 4061, 4413, 4549, 5152, 4997, 3043, 5258, 1573]",21,22895,0.8037037037037037,0.7557221924656358,0.9555555555555555,0.8536129461008977,0.8730760233918129,0.8016903772063526
1864,"[57, 119, 146, 182, 285, 293, 345, 381, 401, 404]",23,22899,0.7545454545454546,0.755801631243679,0.8,0.8538821416522823,0.776608187134503,0.8018537882003648
1882,"[41, 153, 269, 364, 1039, 1226, 1813, 3542, 3939, 4045]",19,22902,0.6416666666666667,0.756002976190481,0.9,0.8536939484127015,0.7491891891891892,0.8018840763020108
1904,"[986, 1026, 1270, 1417, 2204, 2673, 2992, 3542, 3552, 3642]",21,22893,0.6770833333333333,0.7559115791979101,0.8194444444444444,0.8538255186639723,0.7414926527455529,0.8018906901381925
1905,"[22, 32, 54, 95, 163, 179, 214, 227, 292, 317]",35,22889,0.5816666666666668,0.7561101190476237,0.8,0.8538725198412729,0.6735826296743065,0.8020231237701354
1922,"[1713, 3623, 4230, 3325, 3893, 5999, 1864, 4672, 3133, 4839]",19,22900,0.5545454545454546,0.7561945585521271,0.7272727272727273,0.8540250243098997,0.6292714377820762,0.8021378986120937
1928,"[234, 821, 835, 941, 1270, 1309, 1310, 1410, 1713, 1770]",19,22897,0.3925925925925926,0.7563827887877211,0.6222222222222222,0.8541485647404263,0.48142741281427415,0.802298287483916
1929,"[37, 60, 62, 64, 97, 103, 120, 128, 152, 155]",25,22897,0.9,0.7555416666666714,1.0,0.85351537698413,0.9473684210526316,0.8015457661949383
1943,"[5467, 4110, 5380, 2884, 835, 79, 4594, 3376, 3542, 4202]",14,22901,0.4277777777777778,0.7563262512646598,0.4920634920634921,0.8543577110663376,0.45767424024542236,0.8023587245690464
1951,"[21, 47, 276, 311, 315, 345, 353, 407, 489, 535]",10,22910,0.8611111111111112,0.7556299470332725,0.8888888888888888,0.8537200698288036,0.8747795414462081,0.8016857046471405
1958,"[835, 2829, 3234, 5215, 3642, 5529, 3666, 89, 3877, 3939]",7,22908,0.76,0.7557954207552827,0.7333333333333333,0.8538839329963357,0.7464285714285716,0.8018510828395997
1969,"[158, 4943, 1615, 1970, 4710, 384, 4110, 2053, 986, 2440]",17,22899,0.6296296296296297,0.7560019044218341,0.8472222222222222,0.8537870221587446,0.7223963775687914,0.8019245306820646
1990,"[31, 40, 68, 71, 91, 143, 183, 227, 294, 311]",20,22903,0.75,0.7558095238095285,0.8,0.8538725198412729,0.7741935483870969,0.8018539874515463
1995,"[128, 226, 315, 325, 446, 512, 703, 804, 860, 898]",9,22914,0.9285714285714286,0.7555833184603532,1.0,0.8535938088722342,0.962962962962963,0.8016037908691869
2000,"[562, 592, 821, 868, 1013, 1189, 1226, 1309, 1478, 1479]",10,22910,0.5555555555555555,0.7560135617416179,0.8333333333333334,0.8537983781425996,0.6666666666666666,0.8019360980950714
2008,"[128, 200, 298, 535, 614, 703, 807, 835, 1566, 1612]",17,22898,0.7666666666666667,0.7557797619047665,0.7555555555555555,0.853951884920638,0.7610705596107056,0.8018722294939736
2009,"[27, 171, 184, 185, 298, 361, 420, 428, 489, 512]",16,22906,0.825,0.7556755952381,0.9,0.8536939484127015,0.8608695652173912,0.8016998770270108
2010,"[951, 1382, 2373, 3623, 4196, 5069, 2049, 5125, 947, 4129]",17,22898,0.7454545454545454,0.7558194915758814,0.7575757575757575,0.8539654898692258,0.7514662756598238,0.8019005889803874
2020,"[3325, 5028, 835, 2111, 1562, 4749, 3488, 3542, 2488, 4129]",15,22899,0.7,0.7558788527906746,0.8035714285714286,0.8538481863053475,0.7482185273159145,0.8018822717723947
2021,"[35, 89, 124, 201, 269, 298, 315, 318, 361, 375]",20,22899,0.9444444444444444,0.7554960423733905,1.0,0.853541530282294,0.9714285714285714,0.8015316224906955
2023,"[2381, 4113, 4192, 4549, 5288, 5334, 2908, 1214, 3542, 2361]",16,22901,0.625,0.7560327380952427,0.6833333333333333,0.8540808531746064,0.6528662420382166,0.8020714681019042
2042,"[276, 417, 835, 1192, 1226, 1573, 1653, 1713, 2033, 2710]",11,22906,0.6222222222222222,0.7560138070582679,0.75,0.8539432442619405,0.680161943319838,0.802000131092633
2047,"[835, 902, 1083, 2111, 2413, 2819, 3708, 3897, 3932, 4365]",11,22908,0.5238095238095238,0.7560889999405128,0.5714285714285714,0.8541292363218148,0.5465838509316769,0.802124464332927
2051,"[77, 153, 455, 489, 572, 580, 815, 835, 860, 870]",20,22896,0.6018518518518519,0.7560465393084614,0.746031746031746,0.8539496206743157,0.6662305092138262,0.802021360673924
2056,"[21, 269, 592, 1189, 2440, 2441, 2516, 2584, 3298, 3838]",15,22901,0.7976190476190476,0.7557469212921696,0.9464285714285714,0.8536607373034318,0.8656752803510481,0.801725368460149
2058,"[61, 89, 155, 189, 233, 311, 312, 347, 357, 365]",15,22906,0.6851851851851851,0.7559126346485793,0.7777777777777778,0.853898609375313,0.7285513361462729,0.8019235173463243
2090,"[12, 21, 43, 61, 72, 104, 107, 158, 269, 276]",15,22904,0.4962962962962963,0.7562161518776456,0.6666666666666666,0.8540771489218226,0.5690021231422504,0.8021730384689989
2102,"[315, 835, 1477, 1615, 2037, 2159, 3282, 4129, 4211, 128]",18,22899,0.8227272727272728,0.7556676787521627,0.890909090909091,0.8537035383302605,0.8554617795997106,0.8016996505281685
2123,"[51, 106, 121, 197, 205, 229, 243, 265, 277, 382]",20,22902,0.8875,0.7556110912769295,0.96875,0.8536123011622864,0.9263468013468014,0.8016275744425699
2130,"[12, 50, 81, 88, 97, 105, 116, 129, 135, 168]",29,22894,0.7266666666666667,0.7558511904761951,0.8,0.8538725198412729,0.7615720524017466,0.8018774358609024
2134,"[14, 27, 41, 71, 77, 97, 104, 112, 126, 138]",18,22906,0.7685185185185186,0.7557787299886972,0.8888888888888888,0.8537200698288036,0.824332712600869,0.8017694330859224
2138,"[31, 34, 35, 37, 68, 69, 76, 87, 104, 108]",25,22897,0.7651515151515151,0.7557807941894431,0.9090909090909091,0.8536678176658561,0.8309337721102427,0.8017475506294403
2144,"[55, 132, 153, 188, 194, 201, 276, 345, 369, 382]",14,22908,0.7222222222222222,0.7558531214664095,0.7777777777777778,0.853898609375313,0.7489711934156379,0.8018900268237913
2148,"[521, 947, 1295, 1456, 1526, 2182, 2381, 2687, 2829, 4429]",13,22905,0.7592592592592592,0.7557936082842396,0.8703703703703705,0.8537498264198883,0.811026936026936,0.8017909277490787
2150,"[27, 40, 49, 57, 60, 71, 86, 111, 126, 155]",17,22906,0.85,0.7556309523809571,0.9,0.8536939484127015,0.8742857142857143,0.8016747531375688
2166,"[46, 74, 172, 221, 339, 345, 443, 511, 574, 580]",23,22894,0.8181818181818182,0.755676608918264,0.8831168831168832,0.8537188471864336,0.8494101318528801,0.801711426441961
2197,"[12, 77, 89, 116, 168, 194, 206, 211, 279, 354]",14,22907,0.7880952380952381,0.7557588196799381,1.0,0.8535938088722342,0.881491344873502,0.8017025455257073
2206,"[4, 200, 383, 388, 503, 511, 572, 580, 1249, 1250]",19,22901,0.85,0.7556309523809571,0.9,0.8536939484127015,0.8742857142857143,0.8016747531375688
2208,"[21, 172, 447, 665, 688, 835, 1612, 1907, 1970, 2647]",17,22901,0.7185185185185186,0.7558590727846265,0.8888888888888888,0.8537200698288036,0.7946748591909882,0.8018146400066825
2237,"[158, 356, 821, 1270, 1477, 1529, 1539, 1615, 1783, 2182]",17,22900,0.53125,0.7561198381530452,0.7142857142857143,0.8539756917880832,0.6093189964157705,0.8020741003921054
2267,"[13, 129, 143, 164, 196, 207, 213, 279, 298, 315]",18,22905,0.8,0.7557360466500106,0.875,0.853746181919159,0.8358208955223881,0.801756928922061
2288,"[986, 4211, 2204, 3071, 1864, 3043, 2710, 4943, 821, 5159]",17,22899,0.6481481481481481,0.7559721478307492,0.8703703703703705,0.8537498264198885,0.7429990966576333,0.8018913828758857
2299,"[21, 37, 38, 61, 71, 97, 107, 126, 132, 191]",15,22904,0.6958333333333333,0.7558848030465356,0.875,0.853746181919159,0.7751989389920425,0.8018406337840831
2329,"[6, 22, 26, 40, 50, 90, 120, 134, 154, 163]",48,22874,0.4772727272727273,0.7563463713758456,0.7272727272727273,0.8540250243098997,0.5763293310463121,0.8022233007012654
2336,"[6, 29, 45, 203, 205, 234, 311, 315, 337, 362]",38,22886,0.5555555555555556,0.7561209307861737,0.9351851851851853,0.8536456783510913,0.697032436162871,0.8019291258903026
2344,"[164, 172, 421, 447, 568, 860, 874, 947, 1026, 1052]",21,22897,0.7444444444444445,0.7558174135571075,0.8888888888888888,0.8537200698288036,0.8102796674225247,0.8017911999444743
2353,"[12, 835, 1046, 1083, 1249, 1566, 1888, 2133, 2209, 2295]",15,22904,0.58,0.7561130952380998,0.6,0.8542296626984158,0.5898305084745763,0.8021823069949935
2365,"[5, 37, 47, 68, 71, 152, 194, 214, 243, 268]",18,22904,1.0,0.7554504343686824,1.0,0.8535676742433289,1.0,0.801517480529088
2381,"[2, 17, 22, 32, 34, 50, 60, 66, 68, 73]",36,22886,0.6681818181818181,0.7559713043995997,0.7575757575757575,0.8539654898692258,0.7100763211283933,0.8019860252735916
2395,"[384, 1083, 1214, 1615, 1892, 1970, 2159, 3282, 3939, 4752]",17,22902,0.6407407407407407,0.7559840504671832,0.8888888888888888,0.8537200698288036,0.7446865751950498,0.8018849529137464
2401,"[47, 60, 296, 315, 432, 449, 483, 581, 593, 670]",22,22901,0.8416666666666666,0.7556458333333379,1.0,0.85351537698413,0.9140271493212669,0.8016043814239707
2418,"[30, 32, 55, 74, 88, 89, 116, 129, 144, 167]",24,22895,0.6499999999999999,0.7559880952380998,0.9,0.8536939484127015,0.7548387096774194,0.8018757052331483
2437,"[12, 71, 104, 128, 132, 191, 213, 215, 257, 269]",11,22912,0.5625,0.7560752112340877,0.625,0.8541031972708191,0.5921052631578947,0.8021052224788622
2438,"[197, 213, 574, 580, 642, 906, 941, 1189, 1236, 1258]",12,22912,0.5833333333333334,0.7559838210801856,0.6666666666666666,0.8539768221111935,0.6222222222222222,0.8019980660071218
2440,"[17, 18, 22, 71, 112, 155, 232, 278, 296, 318]",39,22883,0.8883333333333333,0.7555625000000048,0.95,0.8536046626984158,0.9181323662737987,0.8015968606748762
2455,"[46, 51, 61, 67, 74, 167, 203, 221, 276, 345]",21,22896,0.6133333333333334,0.7560535714285761,0.75,0.8539618055555587,0.6748166259168705,0.8020306913630647
2457,"[164, 826, 1711, 1713, 2045, 2204, 2977, 3043, 3542, 4628]",13,22904,0.47500000000000003,0.7560998096597715,0.625,0.854021433103342,0.5397727272727272,0.8020830057576024
2489,"[254, 989, 1888, 2252, 2467, 3642, 1970, 5577, 2582, 4]",9,22910,0.7875,0.7557538974175936,0.875,0.853746181919159,0.8289473684210527,0.8017669743224607
2568,"[110, 138, 155, 168, 184, 185, 215, 217, 241, 269]",19,22903,0.775,0.7557648809523856,0.9,0.8536939484127015,0.8328358208955223,0.8017501206246054
2608,"[394, 1123, 1163, 1615, 1864, 2053, 2443, 2470, 2558, 2858]",12,22904,0.4125,0.7562894204450838,0.5833333333333333,0.854162699829429,0.4832635983263598,0.8022519950604836
2664,"[527, 951, 986, 2329, 2440, 2640, 2982, 3043, 3278, 3623]",18,22899,0.7583333333333334,0.7557946428571475,0.8714285714285716,0.8537449688208647,0.8109569028487948,0.8017893677414324
2682,"[6, 14, 21, 87, 98, 124, 168, 171, 211, 213]",10,22910,0.65,0.7558935474278965,1.0,0.8536460501536357,0.787878787878788,0.8018013872637979
2685,"[21, 52, 153, 158, 185, 200, 269, 361, 434, 484]",18,22904,0.5416666666666667,0.7561815476190522,0.7,0.8540510912698444,0.610738255033557,0.8021420760515732
2695,"[43, 52, 64, 79, 113, 124, 203, 217, 252, 269]",18,22905,0.6285714285714287,0.7559581176750597,1.0,0.8535938088722342,0.7719298245614037,0.8018146645300895
2710,"[8, 39, 51, 57, 63, 74, 81, 103, 136, 153]",36,22888,0.6962962962962963,0.7558947806939283,0.8666666666666667,0.8537557777381054,0.7721958925750395,0.8018504799055972
2713,"[3, 5, 30, 35, 37, 95, 126, 168, 182, 183]",19,22903,0.8666666666666666,0.755601190476195,0.9,0.8536939484127015,0.8830188679245282,0.8016580031035491
2719,"[154, 164, 243, 313, 337, 345, 362, 407, 478, 519]",19,22898,0.7833333333333333,0.7557549247158293,0.8201058201058201,0.8538305943099761,0.8012979156354836,0.8018047738319175
2722,"[5, 37, 38, 56, 60, 77, 87, 99, 113, 126]",30,22892,0.6787878787878787,0.755950467345364,0.9818181818181819,0.8535249350082387,0.8026542800265428,0.8017799744772287
2728,"[16, 21, 27, 30, 51, 56, 89, 97, 104, 107]",22,22898,0.7041666666666667,0.7558729025348137,0.85,0.853781883454325,0.7702412868632709,0.8018496835415433
2737,"[105, 394, 703, 835, 1249, 1307, 1539, 1642, 1864, 2111]",15,22904,0.75,0.7558095238095285,0.8,0.8538725198412729,0.7741935483870969,0.8018539874515463
2748,"[2045, 2440, 4211, 4751, 4991, 5804, 2755, 2356, 1539, 1258]",11,22905,0.7555555555555555,0.7557995596024567,0.7555555555555555,0.8539343172846149,0.7555555555555555,0.801875627021315
2756,"[835, 986, 1174, 1382, 1562, 1832, 2373, 2532, 2647, 2819]",20,22894,0.5383333333333333,0.7561875000000047,0.65,0.85414037698413,0.5889200561009816,0.8021848041658839
2769,"[145, 200, 383, 421, 448, 511, 723, 799, 821, 870]",13,22907,0.5119047619047619,0.7561038729252235,0.7142857142857143,0.853950760505288,0.596393897364771,0.8020541215173057
2777,"[158, 384, 835, 1864, 2159, 2356, 2373, 2908, 3642, 4176]",17,22897,0.7166666666666666,0.7558690476190524,0.7555555555555555,0.853951884920638,0.7355974842767294,0.80192248084281
2792,"[572, 580, 1189, 1214, 1240, 1305, 1382, 1469, 1821, 1892]",12,22910,0.5833333333333334,0.7559838210801856,0.8333333333333334,0.8537983781425996,0.6862745098039216,0.8019193660508104
2796,"[2381, 2710, 5725, 1864, 2440, 4413, 221, 2133, 3330, 941]",13,22902,0.5,0.756255952380957,0.6,0.8542296626984158,0.5454545454545454,0.8022626977443883
2803,"[50, 64, 85, 200, 283, 341, 356, 391, 629, 700]",17,22904,0.5458333333333334,0.7560990122575316,0.6875,0.854013943432904,0.6085304054054055,0.8020792538830124
2839,"[22, 52, 57, 61, 64, 74, 113, 203, 253, 257]",22,22900,0.44833333333333336,0.7563482142857189,0.6,0.8542296626984158,0.5131955484896662,0.8023146091906778
2840,"[94, 254, 580, 1615, 1642, 1970, 2034, 2044, 2356, 2982]",17,22900,0.7566666666666666,0.7557976190476237,1.0,0.85351537698413,0.8614800759013282,0.8016897786021635
2844,"[294, 305, 417, 473, 835, 860, 892, 1042, 1045, 1154]",17,22901,0.505,0.7562470238095284,0.58,0.8542653769841301,0.5399078341013825,0.8022734237493702
2874,"[13, 79, 124, 126, 162, 203, 354, 362, 373, 432]",24,22899,0.7277777777777777,0.7558441944890841,1.0,0.853541530282294,0.8424437299035369,0.8017275168895225
2881,"[74, 84, 168, 266, 327, 334, 357, 446, 469, 488]",18,22902,0.9444444444444444,0.7554960423733905,1.0,0.853541530282294,0.9714285714285714,0.8015316224906955
2887,"[986, 1382, 1970, 2209, 3570, 4110, 5125, 4324, 2399, 2930]",15,22899,0.8148148148148148,0.7557043385109848,0.9506172839506173,0.8536208811918538,0.8774928774928775,0.8016838305428018
2892,"[14, 200, 221, 356, 383, 574, 600, 706, 723, 821]",12,22909,0.6296296296296295,0.756001904421834,0.6666666666666666,0.8540771489218226,0.6476190476190475,0.8020524827860771
2899,"[345, 421, 782, 821, 886, 1026, 1213, 1439, 1838, 1864]",18,22900,0.6111111111111112,0.756031661012919,0.7592592592592593,0.8539283659663979,0.6771771771771773,0.8020036151070445
2907,"[3542, 5012, 304, 2373, 2690, 5101, 5144, 2420, 1349, 345]",23,22894,0.7849999999999999,0.7557470238095284,0.875,0.8537385912698443,0.8275602409638554,0.8017597590416554
2918,"[1154, 1539, 1907, 3234, 4196, 4255, 4576, 4649, 4955, 5058]",9,22906,0.8333333333333334,0.7557161551272946,0.7592592592592592,0.8538776865730858,0.7945736434108527,0.8018037166001033
2926,"[226, 580, 642, 1245, 1518, 1768, 1840, 1907, 2475, 2483]",16,22901,0.8083333333333333,0.7557241461382885,0.975,0.8536033757784949,0.8838785046728972,0.8016872557211142
2939,"[254, 580, 741, 886, 1039, 1076, 1102, 1480, 1615, 1864]",20,22899,0.6900000000000001,0.7559166666666713,1.0,0.85351537698413,0.8165680473372782,0.8017567455101288
2944,"[64, 94, 158, 282, 391, 683, 835, 902, 1070, 1083]",11,22910,0.3333333333333333,0.756326967695882,0.42857142857142855,0.8543077121383417,0.375,0.8023370780359735
2951,"[89, 116, 153, 296, 315, 365, 373, 384, 388, 580]",23,22900,0.7433333333333334,0.7558214285714332,0.9,0.8536939484127015,0.8141987829614604,0.8017819386865488
2968,"[54, 298, 580, 670, 703, 841, 857, 951, 1075, 1108]",29,22892,0.8409090909090909,0.7556319580877585,1.0,0.8534892143438343,0.9135802469135803,0.8015850357208959
2996,"[986, 1075, 1479, 1711, 2053, 2160, 2356, 2819, 3234, 3877]",7,22908,0.7066666666666667,0.7558429973238228,0.85,0.8537798592526545,0.7717344753747324,0.8018319636001975
3026,"[160, 200, 207, 381, 578, 580, 835, 917, 1566, 1621]",17,22901,0.5181818181818182,0.7562659998809358,0.5909090909090909,0.8542929292929324,0.5521609538002981,0.8022962521394164
3051,"[2373, 2667, 3838, 5069, 5125, 5245, 5391, 5146, 4410, 172]",17,22899,0.6370370370370371,0.7559900017854,0.8222222222222223,0.8538271935567093,0.7178793006204175,0.8019355532404846
3055,"[507, 886, 942, 1844, 1892, 1970, 2159, 2356, 2530, 2534]",13,22909,0.8333333333333334,0.7556745819198999,1.0,0.853541530282294,0.9090909090909091,0.8016320917451782
3057,"[158, 681, 826, 1270, 1382, 1477, 1529, 1614, 2295, 2549]",18,22900,0.47962962962962963,0.756242932809622,0.7777777777777778,0.853898609375313,0.5933562428407789,0.8021093447471285
3062,"[27, 55, 76, 87, 144, 174, 279, 290, 341, 387]",15,22907,0.75,0.7558084865797821,0.8888888888888888,0.8537200698288036,0.8135593220338982,0.8017861769161364
3063,"[21, 203, 253, 285, 358, 399, 417, 421, 432, 443]",21,22902,0.6185185185185185,0.756019758376485,0.7777777777777778,0.853898609375313,0.6890657235484821,0.8019837940472118
3069,"[304, 606, 1214, 1821, 2361, 2373, 2613, 2908, 3282, 3662]",12,22903,0.7888888888888889,0.7557459977385038,0.8444444444444444,0.8537914856474073,0.8157218442932728,0.8017825056473454
3082,"[304, 341, 434, 821, 835, 841, 1154, 1174, 1382, 1417]",17,22902,0.4962962962962963,0.7562161518776455,0.6666666666666666,0.8540771489218226,0.5690021231422504,0.802173038468999
3121,"[12, 405, 432, 619, 703, 750, 835, 874, 1037, 1123]",15,22901,0.64,0.756005952380957,0.8400000000000001,0.8538010912698444,0.7264864864864866,0.8019330138915407
3128,"[46, 124, 835, 3234, 3803, 4178, 4537, 5174, 5546, 6012]",11,22906,0.35000000000000003,0.7562336426362171,0.4583333333333333,0.8541998770719358,0.3969072164948454,0.8022370084479912
3131,"[84, 101, 116, 144, 158, 177, 337, 362, 401, 405]",30,22892,0.6727272727272727,0.7559623742334988,0.8787878787878789,0.8537273521065302,0.7620738636363635,0.8018759708604865
3132,"[31, 33, 129, 144, 171, 184, 274, 312, 344, 437]",27,22897,0.9125,0.7555753897417636,0.9583333333333333,0.853627176801939,0.9348552338530067,0.8016140419059792
3133,"[2, 6, 33, 56, 59, 62, 65, 72, 75, 125]",55,22867,0.6606060606060606,0.7559861880097684,0.8649350649350649,0.8537545678508381,0.7490867815498916,0.8019013731194516
3152,"[31, 45, 115, 137, 138, 143, 239, 267, 299, 305]",30,22894,0.6866666666666668,0.7559226190476237,0.9,0.8536939484127015,0.7789915966386555,0.8018388706913488
3154,"[356, 367, 384, 448, 835, 1813, 2209, 2687, 2908, 3642]",10,22911,0.7083333333333333,0.7558669522789525,0.75,0.853924689594989,0.7285714285714286,0.8019093102614813
3160,"[20, 21, 38, 51, 116, 126, 143, 185, 214, 254]",20,22902,0.8722222222222222,0.7556120930786214,1.0,0.853541530282294,0.9317507418397626,0.8015969300421224
3167,"[200, 304, 325, 345, 599, 703, 835, 860, 932, 947]",14,22907,0.5666666666666667,0.7561369047619095,0.7,0.8540510912698444,0.6263157894736842,0.8021169580854036
3176,"[1, 12, 14, 26, 28, 37, 47, 55, 56, 66]",29,22893,0.8454545454545456,0.7556230279216573,0.890909090909091,0.8537035383302605,0.8675868633983818,0.8016745216390916
3179,"[2, 14, 50, 56, 62, 64, 76, 115, 167, 180]",32,22891,0.6449999999999999,0.7559970238095286,0.8800000000000001,0.8537296626984158,0.7443934426229508,0.8018964828595202
3185,"[66, 207, 211, 253, 313, 488, 617, 670, 704, 708]",18,22904,0.6,0.7560773809523855,0.8,0.8538725198412729,0.6857142857142857,0.8020047060477404
3192,"[172, 254, 782, 821, 835, 1026, 1075, 1098, 1979, 2111]",20,22896,0.5727272727272728,0.7561588378877226,0.5974025974025974,0.854280171912788,0.5848047623852285,0.8022303211645574
3193,"[213, 234, 315, 320, 325, 468, 489, 562, 568, 580]",18,22902,0.5370370370370371,0.7561506873772588,0.7777777777777778,0.853898609375313,0.6353677621283256,0.8020574546778665
3195,"[16, 108, 141, 473, 835, 1341, 1813, 1907, 1970, 2037]",17,22900,0.5814814814814814,0.756079271558655,0.7222222222222222,0.8539878791485678,0.6442550505050505,0.8020566512433391
3218,"[8, 13, 31, 38, 50, 60, 61, 101, 172, 184]",23,22895,0.5696969696969697,0.7561647913317902,0.7727272727272727,0.8539357226488888,0.6558588138723579,0.8020817606363512
3227,"[79, 627, 821, 886, 1341, 1907, 2159, 3381, 3548, 3959]",16,22901,0.5296296296296297,0.7561625900136927,0.6222222222222222,0.8541485647404263,0.5722043586995356,0.8021743984866313
3242,"[112, 171, 209, 221, 417, 527, 561, 593, 670, 681]",15,22904,0.5520833333333333,0.7560900868737404,0.625,0.8541031972708191,0.5862831858407078,0.8021135934208211
3260,"[821, 835, 874, 1424, 1615, 2037, 3043, 3179, 3838, 4549]",16,22901,0.6333333333333333,0.7560178571428618,0.7714285714285715,0.8539235402494361,0.6955932203389831,0.8019937199067064
3279,"[12, 227, 280, 290, 357, 407, 465, 553, 706, 709]",15,22904,0.5444444444444445,0.7561387847408247,0.6666666666666666,0.8540771489218226,0.599388379204893,0.8021295081731016
3285,"[835, 5125, 4324, 3779, 3739, 5259, 2775, 447, 4166, 89]",15,22900,0.6875,0.7558967035582577,0.6944444444444444,0.8540040263398023,0.6909547738693467,0.8019610356678477
3292,"[2037, 5380, 1615, 799, 3893, 5192, 1898, 4332, 4393, 4741]",17,22899,0.6666666666666666,0.7559423912396642,0.7361111111111112,0.8539655617052542,0.6996699669966997,0.8019697866215583
3299,"[112, 741, 821, 835, 1174, 1197, 1452, 2182, 2775, 3764]",16,22902,0.5416666666666666,0.7561049625133928,0.6041666666666667,0.854132948550124,0.5712121212121212,0.8021350840242025
3302,"[164, 221, 280, 387, 421, 437, 446, 642, 719, 759]",12,22909,0.6666666666666666,0.755910524123986,0.8571428571428571,0.8537722846887611,0.75,0.801866618278198
3320,"[221, 821, 900, 907, 986, 1813, 2061, 2412, 3838, 4073]",16,22901,0.42666666666666664,0.7563869047619094,0.575,0.8542743055555586,0.4898502495840266,0.8023560680019572
3327,"[2527, 3043, 3838, 3939, 4108, 4192, 4211, 4365, 4677, 3764]",10,22908,0.7333333333333333,0.7558272354096066,0.8285714285714285,0.8538079798520665,0.7780487804878048,0.801835495227208
3342,"[6, 37, 61, 88, 112, 205, 206, 250, 269, 290]",23,22897,0.5766666666666667,0.7561190476190522,0.775,0.8539171626984158,0.6612823674475956,0.802047839256705
3391,"[986, 1247, 3623, 4365, 1477, 4259, 2183, 5735, 298, 5110]",20,22894,0.6722222222222222,0.7559334642623387,0.8333333333333334,0.8538093396020583,0.7441574415744157,0.8018958685269492
3397,"[9, 30, 31, 51, 87, 95, 110, 116, 119, 126]",24,22900,0.6129629629629629,0.7560286853538105,0.7777777777777778,0.853898609375313,0.6856043793460571,0.8019888167435347
3399,"[12, 106, 234, 405, 473, 527, 627, 709, 799, 821]",17,22903,0.55,0.7561666666666713,0.7,0.8540510912698444,0.616,0.8021337035509364
3411,"[835, 986, 1615, 2696, 4061, 4211, 5146, 5899, 5391, 4912]",17,22900,0.6703703703703704,0.7559364399214471,0.8518518518518517,0.8537795830109735,0.750292871947373,0.8018844184494128
3416,"[94, 986, 1039, 1174, 1197, 1452, 1893, 2373, 2819, 2834]",16,22900,0.6375,0.7559681066285897,0.84375,0.8537908088381164,0.7262658227848101,0.8019071862411341
3422,"[158, 211, 826, 835, 1154, 1174, 1452, 1477, 1907, 1967]",17,22900,0.4388888888888889,0.756308397310009,0.48148148148148145,0.8543747148326719,0.45919964229823385,0.8023561759677202
3429,"[25, 43, 117, 145, 153, 160, 200, 217, 230, 290]",29,22894,0.6433333333333333,0.7560000000000048,0.7371428571428572,0.8539847647392321,0.6870507071403932,0.802010672749976
3447,"[16, 345, 365, 405, 629, 827, 879, 941, 989, 1061]",16,22902,0.5625,0.7560752112340877,0.6625,0.85404964496807,0.6084183673469387,0.8020816065739409
3462,"[5467, 3838, 4874, 3642, 1970, 5944, 5546, 4525, 4657, 4324]",12,22904,0.6904761904761905,0.7558807781545648,0.8163265306122449,0.8538232777791972,0.7481457594324412,0.8018723705580052
3464,"[128, 304, 627, 826, 835, 2128, 2159, 2373, 2982, 3326]",14,22900,0.7545454545454546,0.755801631243679,0.7676767676767677,0.8539456450556678,0.7610544730650902,0.8018817873203707
3487,"[745, 821, 835, 1226, 1864, 2440, 4549, 4730, 4804, 5462]",21,22895,0.5393939393939393,0.756224325772464,0.7012987012987013,0.8540760538304772,0.6097824018270633,0.8021771542097197
3491,"[989, 1226, 1477, 1864, 2204, 2829, 171, 906, 3838, 3122]",18,22898,0.787037037037037,0.7557489733976123,0.9682539682539684,0.8535925415812966,0.8682910491501298,0.8016964466468484
3500,"[50, 78, 104, 110, 219, 232, 292, 305, 353, 368]",35,22888,0.5696969696969697,0.7561647913317902,0.5909090909090909,0.8542929292929324,0.5801091858533112,0.8022392967440655
3513,"[315, 821, 986, 989, 1970, 2045, 2210, 2441, 2532, 2908]",16,22900,0.7314814814814815,0.755838243170867,0.8571428571428572,0.8537710811278061,0.7893422148209827,0.8018254172463912
3519,"[688, 989, 4110, 5967, 4442, 1477, 3542, 4419, 2037, 3838]",19,22895,0.7791666666666667,0.7557657979293155,0.9375,0.8536569280812439,0.8510315533980582,0.8017343100509651
3534,"[21, 41, 116, 124, 194, 203, 227, 287, 294, 313]",18,22902,0.5,0.7561644650720027,0.625,0.8541031972708191,0.5555555555555556,0.8021554458106952
3542,"[3, 11, 14, 20, 33, 34, 38, 40, 43, 77]",25,22895,0.7555555555555555,0.7557995596024567,0.9629629629629631,0.8536010434644639,0.846743295019157,0.8017286578583608
3550,"[158, 559, 835, 1562, 3739, 4211, 4628, 4896, 5145, 5146]",16,22900,0.3351851851851852,0.7564750342200848,0.5,0.854344958241587,0.401330376940133,0.8024368142263909
3557,"[826, 835, 1026, 1270, 1452, 1615, 3133, 3168, 3381, 3542]",23,22893,0.643939393939394,0.7560189319521391,0.7840909090909091,0.8539133972336361,0.7071376898963105,0.8019898511916912
3560,"[50, 172, 221, 484, 488, 497, 580, 709, 741, 799]",19,22901,0.4,0.7564345238095285,0.6,0.8542296626984158,0.48,0.8023631661273835
3562,"[835, 4677, 158, 5411, 3034, 3870, 2413, 2373, 3838, 4974]",14,22901,0.5633333333333332,0.7561428571428618,0.65,0.85414037698413,0.6035714285714285,0.802159683919217
3616,"[13, 15, 44, 52, 67, 137, 162, 182, 229, 265]",31,22892,0.8090909090909091,0.7556944692504661,1.0,0.8534892143438343,0.8944723618090452,0.8016202070902548
3624,"[325, 345, 572, 986, 1864, 1907, 2159, 2204, 3642, 4211]",15,22902,0.7916666666666667,0.7557479471617327,0.9642857142857143,0.8536186764364231,0.8694915254237289,0.8017073958367645
3626,"[3642, 5051, 4749, 2613, 1305, 4463, 535, 592, 2111, 5681]",11,22903,0.7875,0.7557538974175936,0.8125,0.853835435757074,0.7998046874999999,0.8018063303810838
3643,"[388, 417, 835, 879, 986, 1154, 1477, 1487, 2037, 2044]",16,22903,0.5479166666666666,0.7560960371296012,0.75,0.853924689594989,0.6332263242375602,0.8020382136612587
3648,"[835, 4614, 5467, 986, 1026, 2053, 276, 5899, 3642, 4492]",14,22904,0.6666666666666667,0.7559264548375627,0.7291666666666667,0.8539544408742941,0.6965174129353234,0.8019559146298949
3681,"[1226, 3570, 5215, 1970, 2373, 4393, 4703, 5467, 5258, 315]",11,22904,0.7857142857142857,0.7557617942768801,0.9464285714285714,0.8536607373034318,0.8586156111929307,0.8017337372488147
3691,"[835, 1477, 2111, 2373, 4061, 4178, 4196, 4614, 4743, 5012]",19,22899,0.6499999999999999,0.7559691721716406,0.7555555555555555,0.8539343172846149,0.6988142292490118,0.8019710785826535
3719,"[31, 55, 69, 76, 88, 97, 110, 127, 155, 180]",26,22896,0.8045454545454546,0.7557033994165672,0.8863636363636364,0.8537124684963616,0.843475073313783,0.8017236904761436
3720,"[262, 304, 434, 497, 580, 600, 709, 742, 821, 906]",22,22900,0.5092592592592592,0.7561953222638863,0.7777777777777778,0.853898609375313,0.6155075939248601,0.8020825635183441
3734,"[46, 51, 61, 80, 89, 154, 155, 167, 178, 185]",22,22900,0.6759259259259259,0.7559275129441217,0.8888888888888888,0.8537200698288036,0.7679158448389216,0.801853146046329
3735,"[61, 821, 835, 841, 860, 1037, 1226, 1444, 1566, 1808]",19,22902,0.5454545454545454,0.7562124188843292,0.7272727272727273,0.8540250243098997,0.6233766233766234,0.8021479467525177
3739,"[8, 13, 18, 24, 28, 47, 52, 56, 61, 107]",38,22885,0.6848484848484848,0.7559385604572291,0.7848484848484848,0.8539119088726193,0.7314464229928146,0.801943971130641
3766,"[7, 13, 43, 49, 55, 71, 74, 76, 87, 104]",20,22899,0.6944444444444444,0.7558977563530368,0.8888888888888888,0.8537200698288036,0.7797270955165692,0.8018364046923115
3767,"[44, 126, 168, 191, 214, 236, 292, 347, 369, 378]",18,22904,0.7037037037037037,0.7558828780574944,0.8888888888888888,0.8537200698288036,0.7855297157622738,0.801828033783181
3769,"[341, 356, 835, 874, 1615, 3634, 3764, 4255, 4649, 3877]",9,22910,0.7571428571428571,0.7557974894401854,0.8571428571428571,0.8537722846887611,0.8040455120101136,0.8018030155549901
3778,"[886, 986, 1226, 2992, 3959, 61, 1154, 3623, 3939, 3381]",17,22901,0.4916666666666667,0.7561763655837249,0.75,0.853924689594989,0.5939597315436241,0.8020834048686186
3788,"[38, 43, 72, 77, 95, 116, 152, 170, 187, 197]",28,22894,0.6833333333333332,0.7559156103076878,0.9814814814814815,0.8535712868733788,0.8057100482017056,0.8017808177104043
3792,"[4211, 1970, 3632, 2449, 2269, 206, 580, 4393, 5697, 1993]",15,22900,0.6666666666666666,0.7559423912396642,0.8472222222222222,0.8537870221587446,0.746177370030581,0.8018910479836444
3808,"[1573, 2867, 3838, 4880, 4896, 4332, 5529, 3802, 574, 3132]",13,22903,0.6583333333333333,0.7559383553492847,0.84375,0.8537908088381164,0.7395977808599168,0.8018904474172571
3821,"[835, 2640, 4211, 4576, 2006, 5380, 2702, 5159, 5796, 1154]",13,22901,0.54,0.7561845238095285,0.64,0.8541582341269873,0.5857627118644068,0.8021910048006896
3825,"[821, 886, 1037, 1226, 1240, 1615, 2111, 2992, 3542, 3548]",16,22900,0.4833333333333333,0.7562369814914051,0.75,0.8539432442619405,0.5878378378378377,0.8021256888849055
3850,"[535, 627, 835, 892, 989, 1477, 2045, 2234, 2336, 2930]",11,22905,0.8214285714285714,0.7557171753227484,0.8333333333333334,0.8538020306581822,0.827338129496403,0.8017709344457151
3866,"[4, 85, 116, 132, 168, 269, 365, 405, 458, 525]",19,22903,0.71,0.755880952380957,0.9,0.8536939484127015,0.7937888198757764,0.8018154289680692
3875,"[30, 35, 38, 40, 68, 79, 110, 142, 144, 164]",18,22903,0.6041666666666666,0.7560157086754777,0.875,0.853746181919159,0.7147887323943661,0.8019142812657498
3892,"[745, 986, 3325, 5146, 5400, 3542, 835, 1615, 4548, 821]",19,22896,0.5462962962962963,0.7561358090817163,0.746031746031746,0.8539496206743157,0.6307289889684976,0.802071586277802
3900,"[112, 821, 860, 986, 989, 2159, 2234, 2982, 3795, 4008]",17,22900,0.6592592592592592,0.7559542938760981,0.8444444444444444,0.8537914856474073,0.7404488232074439,0.8018997134330875
3911,"[37, 43, 52, 59, 203, 328, 348, 354, 358, 428]",29,22895,0.7629629629629631,0.7557876569660226,0.8571428571428572,0.8537710811278061,0.8073154800783802,0.8017969518218562
3916,"[640, 835, 1907, 4189, 2834, 5772, 2037, 5529, 3897, 5542]",10,22906,0.6857142857142857,0.7558867273484489,0.6666666666666666,0.8540102524441302,0.676056338028169,0.801958166199166
3934,"[599, 826, 1893, 4211, 4649, 4463, 5174, 1668, 158, 2159]",9,22907,0.625,0.7559859573961727,0.625,0.8541031972708191,0.625,0.802054993578859
3940,"[304, 835, 1713, 3039, 3623, 1477, 4136, 4752, 4597, 4358]",20,22896,0.7136363636363636,0.755882002738589,0.8636363636363636,0.853757119326867,0.7815037987948652,0.8018438821007706
3953,"[46, 153, 345, 821, 826, 835, 874, 886, 900, 1225]",19,22901,0.5454545454545454,0.7562124188843292,0.6363636363636364,0.8542036276319215,0.5874125874125874,0.8022267200686215
3958,"[188, 206, 219, 250, 313, 488, 504, 535, 775, 790]",12,22909,0.6458333333333333,0.7559562061168678,0.75,0.853924689594989,0.6940298507462687,0.8019595367274815
3980,"[2, 3, 17, 24, 30, 59, 81, 85, 113, 131]",41,22878,0.7181818181818183,0.7558730725724879,0.9437229437229436,0.8535997783050859,0.8156480143976889,0.8017694574007308
3992,"[221, 364, 900, 1039, 1398, 1970, 2687, 3764, 4672, 4743]",11,22905,0.5,0.7562102005594286,0.6481481481481483,0.8541069055129075,0.564516129032258,0.8021828146537683
4007,"[5146, 5174, 6012, 1026, 4136, 503, 4741, 4420, 1772, 4548]",11,22905,0.8714285714285713,0.7556547087869641,0.9428571428571428,0.8536651991988449,0.9057367829021372,0.801675446008162
4020,"[43, 47, 67, 68, 72, 79, 97, 104, 106, 180]",19,22900,0.7611111111111111,0.7557906326251311,0.8888888888888888,0.8537200698288036,0.8200523756079311,0.8017761306923022
4022,"[61, 841, 886, 986, 2992, 4184, 4211, 4896, 1174, 4110]",18,22897,0.4222222222222222,0.7563351782419854,0.6296296296296295,0.8541366621039925,0.5054773082942096,0.8022662531456054
4024,"[61, 160, 248, 276, 580, 700, 738, 782, 799, 874]",21,22896,0.6151515151515151,0.7560754896707792,0.8181818181818182,0.8538464209878779,0.7022871420334422,0.8019921296529632
4035,"[16, 21, 71, 107, 112, 158, 266, 279, 313, 333]",19,22905,0.5476190476190476,0.7560592539710917,0.7142857142857143,0.853950760505288,0.6199460916442049,0.8020290173482602
4039,"[37, 191, 243, 427, 448, 449, 507, 512, 535, 600]",16,22905,0.9583333333333333,0.7555099369272926,1.0,0.8535676742433289,0.9787234042553191,0.8015509696410441
4058,"[835, 989, 1382, 3893, 158, 2530, 5146, 4558, 5309, 3939]",13,22904,0.45,0.7562358681423348,0.46875,0.8543263318656067,0.45918367346938777,0.8022940253435201
4059,"[32, 50, 97, 110, 112, 116, 138, 160, 174, 188]",23,22897,0.5696969696969697,0.7561647913317902,0.6363636363636364,0.8542036276319215,0.6011877569666514,0.8021999192691637
4070,"[79, 269, 519, 535, 627, 675, 835, 879, 932, 1363]",11,22910,0.75,0.7558074497203426,0.875,0.853746181919159,0.8076923076923077,0.8017971091867567
4091,"[4, 30, 37, 60, 76, 89, 98, 112, 113, 168]",17,22906,0.8333333333333333,0.7556884446031227,1.0,0.8535676742433289,0.9090909090909091,0.8016514221177149
4107,"[986, 1226, 1477, 2053, 3642, 3838, 5089, 5398, 5391, 153]",17,22903,0.5833333333333334,0.7560454599547828,0.875,0.853746181919159,0.7000000000000001,0.8019310176593092
4116,"[835, 986, 1189, 1382, 2356, 2373, 2442, 3287, 4804, 4955]",17,22898,0.7416666666666666,0.7558193502320646,0.8194444444444444,0.8538255186639723,0.7786180308422301,0.8018387921439581
4122,"[681, 902, 986, 1154, 2159, 2716, 3234, 3307, 3542, 3739]",13,22907,0.7261904761904763,0.755836159200433,0.8571428571428571,0.8537722846887611,0.78625134264232,0.8018247753866223
4145,"[11, 71, 214, 251, 267, 285, 328, 339, 342, 362]",26,22897,0.537037037037037,0.7561506873772588,0.7777777777777778,0.853898609375313,0.6353677621283255,0.8020574546778665
4166,"[17, 32, 88, 90, 103, 140, 155, 203, 220, 253]",35,22888,0.7818181818181817,0.7557480502470727,0.8787878787878788,0.8537273521065302,0.8274717982747178,0.8017553804843485
4167,"[986, 1154, 1615, 1864, 2673, 4145, 4259, 5159, 941, 1893]",14,22900,0.5148148148148147,0.7561863952865606,0.7301587301587301,0.8539751263238172,0.6038626812107474,0.8021112960063056
4192,"[9, 76, 85, 103, 179, 184, 214, 229, 242, 257]",38,22883,0.6227272727272728,0.7560606060606107,0.8181818181818182,0.8538464209878779,0.7071981646114139,0.801983756438793
4223,"[124, 153, 209, 221, 363, 512, 527, 580, 614, 879]",14,22907,0.5,0.7561644650720027,0.625,0.8541031972708191,0.5555555555555556,0.8021554458106952
4235,"[164, 246, 384, 521, 580, 627, 860, 1076, 1095, 1154]",17,22903,0.8703703703703703,0.7556150687377301,1.0,0.853541530282294,0.9306930693069307,0.8015986044708595
4244,"[31, 40, 43, 56, 60, 96, 116, 194, 200, 201]",29,22895,0.7374999999999999,0.7558253004879256,0.85,0.8537818834543249,0.789763779527559,0.8018228982210664
4259,"[11, 12, 71, 86, 104, 107, 110, 188, 201, 221]",17,22906,0.4074074074074074,0.7563589835148533,0.4444444444444444,0.8544342280148417,0.42512077294685985,0.8024108862091394
4271,"[986, 1615, 1813, 2440, 5174, 5725, 5380, 1900, 5772, 5159]",15,22900,0.6333333333333333,0.7560178571428618,0.7714285714285715,0.8539235402494361,0.6955932203389831,0.8019937199067064
4285,"[124, 196, 507, 860, 986, 2238, 2488, 2520, 2556, 2828]",15,22903,0.8041666666666667,0.7557300963941497,0.96875,0.8536123011622864,0.8788190364277321,0.8016945401054524
4292,"[55, 91, 107, 112, 178, 180, 221, 233, 327, 379]",28,22893,0.6893939393939393,0.7559296302911281,0.8181818181818182,0.8538464209878779,0.7482868889904065,0.8019100654776739
4294,"[46, 247, 250, 356, 478, 537, 580, 617, 665, 670]",25,22896,0.8148148148148148,0.7557043385109848,1.0,0.853541530282294,0.8979591836734693,0.8016488344535171
4297,"[4, 38, 72, 74, 76, 77, 86, 106, 116, 138]",24,22898,0.8045454545454546,0.7557033994165672,1.0,0.8534892143438343,0.8916876574307304,0.8016252313485263
4305,"[3939, 3039, 2159, 3291, 3783, 4464, 158, 4955, 4332, 5238]",8,22909,0.6857142857142857,0.7558867273484489,0.6857142857142857,0.8539864556685933,0.6857142857142857,0.8019476738726452
4310,"[66, 304, 835, 874, 1226, 1813, 1864, 2045, 4211, 5058]",16,22901,0.65,0.7559880952380998,0.7833333333333334,0.8539022817460348,0.7104651162790698,0.8019675981987857
4338,"[56, 60, 86, 98, 104, 116, 185, 188, 210, 213]",25,22899,0.6020833333333334,0.7560186838034082,0.725,0.8539603911301551,0.6578492935635794,0.8020104372463411
4349,"[14, 86, 337, 399, 416, 485, 505, 546, 560, 579]",30,22894,0.9466666666666667,0.755458333333338,0.9666666666666666,0.853574900793654,0.9565621370499419,0.801525112411506
4358,"[82, 90, 100, 214, 244, 268, 289, 300, 327, 331]",45,22877,0.9466666666666667,0.755458333333338,0.9261904761904761,0.8536471797052185,0.9363166370031358,0.8015569773507528
4381,"[821, 835, 986, 1615, 3043, 1573, 3234, 3542, 5202, 1906]",19,22898,0.4833333333333334,0.7562369814914051,0.7333333333333333,0.8539700251939168,0.5826484018264839,0.8021375033837427
4392,"[13, 27, 30, 31, 49, 60, 72, 78, 84, 104]",25,22897,0.7606060606060606,0.7557897243555445,0.9090909090909091,0.8536678176658561,0.82824616399934,0.8017525753360911
4405,"[85, 87, 110, 113, 125, 200, 203, 207, 252, 257]",27,22896,0.34696969696969693,0.7566023694707437,0.6363636363636364,0.8542036276319215,0.4490825045524583,0.8024460920052372
4413,"[2, 22, 23, 28, 38, 52, 71, 104, 132, 224]",32,22891,0.735,0.7558363095238141,0.8571428571428571,0.8537704790249464,0.7913862718707941,0.8018240636626711
4429,"[11, 13, 14, 30, 64, 65, 67, 73, 79, 87]",27,22897,0.7309523809523809,0.7558302100065487,0.9285714285714287,0.8536830467804977,0.8179954908792785,0.8017820714508164
4458,"[821, 835, 1111, 1864, 2037, 2329, 3168, 4192, 4970, 2133]",19,22899,0.49090909090909096,0.7563195808775424,0.606060606060606,0.8542631620725956,0.5424409844299347,0.8023132739078058
4479,"[160, 183, 207, 232, 282, 313, 387, 434, 447, 570]",21,22900,0.696969696969697,0.7559147466809595,0.7272727272727273,0.8540250243098997,0.7117988394584139,0.801980448638887
4480,"[821, 1477, 1970, 2182, 2834, 5380, 5725, 782, 799, 2329]",21,22896,0.4716666666666667,0.7563065476190521,0.6799999999999999,0.8540868055555586,0.5569898697539797,0.8022281537654489
4511,"[41, 67, 124, 277, 290, 405, 433, 527, 555, 670]",15,22904,0.6916666666666667,0.7559136904761952,0.8,0.8538725198412729,0.7418994413407821,0.8019126061989734
4527,"[8, 31, 33, 64, 98, 103, 113, 141, 193, 208]",25,22899,0.7714285714285715,0.7557796418585329,0.9523809523809523,0.8536533008110765,0.8524072612470402,0.8017404998411215
4530,"[54, 87, 89, 119, 132, 164, 165, 174, 246, 279]",22,22901,0.7395833333333334,0.755822325359995,0.875,0.853746181919159,0.8016129032258065,0.801805479626525
4538,"[21, 57, 105, 113, 116, 143, 144, 154, 180, 214]",25,22899,0.6870370370370371,0.7559096589894708,0.8888888888888888,0.8537200698288036,0.7750359054706881,0.8018431013081964
4543,"[5159, 906, 3739, 4970, 827, 1662, 5145, 4324, 5439, 835]",14,22900,0.6444444444444444,0.7559780991489661,0.7222222222222222,0.8539878791485678,0.6811201445347786,0.8019997220782018
4545,"[27, 30, 64, 101, 112, 205, 209, 291, 305, 364]",26,22897,0.7148148148148148,0.7558650241028435,0.8611111111111112,0.8537647047154309,0.7811724768246507,0.801837674285082
4548,"[18, 27, 30, 35, 56, 62, 75, 76, 105, 133]",40,22884,0.8466666666666667,0.7556369047619095,0.9133333333333333,0.853670138888892,0.8787373737373738,0.8016676046782311
4549,"[2, 5, 11, 70, 77, 80, 116, 157, 185, 189]",36,22887,0.7699999999999999,0.7557738095238142,0.9833333333333332,0.853545138888892,0.8636882129277565,0.8016895120197888
4555,"[12, 74, 126, 180, 196, 233, 276, 312, 313, 382]",16,22906,0.8055555555555556,0.7557192168065273,0.8888888888888888,0.8537200698288036,0.8451730418943534,0.801735943568055
4570,"[6, 8, 14, 40, 144, 154, 162, 191, 227, 229]",23,22897,0.5916666666666666,0.7560922619047665,0.8,0.8538725198412729,0.6802395209580838,0.8020130778325939
4629,"[41, 49, 50, 56, 79, 97, 110, 112, 128, 129]",26,22897,0.6466666666666667,0.7559940476190523,0.6799999999999999,0.8540868055555586,0.6629145728643215,0.8020523191451798
4631,"[46, 280, 304, 341, 486, 703, 708, 759, 799, 835]",20,22899,0.5916666666666667,0.7560335594430608,0.875,0.853746181919159,0.7059659090909091,0.8019243231761212
4651,"[1, 7, 18, 25, 49, 52, 62, 72, 83, 116]",36,22883,0.7636363636363637,0.755783770911477,0.9666666666666667,0.8535547022285757,0.8532399299474607,0.8016993345978323
4675,"[835, 906, 1363, 1452, 2819, 3149, 3548, 4749, 5052, 5101]",15,22907,0.4375,0.7562537189099179,0.5,0.8542817049466491,0.4666666666666667,0.802284391628688
4696,"[4, 37, 41, 43, 86, 121, 126, 161, 191, 197]",11,22912,0.9375,0.7555396882065976,1.0,0.8535676742433289,0.967741935483871,0.8015677132682364
4728,"[3570, 3893, 1713, 3566, 1226, 5400, 361, 384, 315, 5735]",19,22899,0.6066666666666667,0.7560654761904808,0.8666666666666666,0.8537534722222254,0.7137254901960786,0.8019454935120931
4732,"[799, 821, 841, 886, 1037, 1247, 1864, 1893, 3548, 4008]",22,22893,0.4818181818181818,0.7563374412097444,0.7878787878787878,0.853905955428552,0.5979605120416577,0.8021657430310409
4733,"[68, 191, 194, 206, 218, 221, 226, 232, 254, 353]",15,22901,0.75,0.7558074497203426,0.7142857142857143,0.8539756917880832,0.7317073170731706,0.8018983092700479
4737,"[38, 43, 78, 82, 112, 172, 253, 317, 368, 465]",33,22885,0.7766666666666666,0.7557619047619094,0.9047619047619048,0.8536854450113409,0.8358349853676956,0.801744695879846
4743,"[28, 34, 40, 67, 74, 166, 241, 242, 263, 379]",33,22891,0.9099999999999999,0.7555238095238143,1.0,0.85351537698413,0.9528795811518325,0.8015357171079321
4749,"[18, 35, 44, 49, 52, 82, 84, 100, 122, 136]",36,22886,0.890909090909091,0.7555337262606464,0.9406926406926407,0.8536057317491532,0.9151242990051782,0.8015811383601729
4752,"[4, 6, 17, 80, 87, 155, 217, 231, 255, 260]",34,22889,0.7772727272727273,0.7557569804131736,0.9696969696969696,0.8535487487845084,0.862887329496176,0.8016816361406038
4753,"[7, 41, 43, 95, 155, 168, 200, 209, 227, 269]",11,22910,0.6458333333333333,0.7559562061168678,0.75,0.853924689594989,0.6940298507462687,0.8019595367274815
4789,"[12, 112, 140, 206, 592, 665, 806, 821, 835, 986]",18,22901,0.5599999999999999,0.7561488095238142,0.7,0.8540510912698444,0.6222222222222222,0.8021236563458999
4804,"[18, 44, 100, 102, 116, 118, 163, 170, 175, 179]",48,22871,0.6727272727272727,0.7559623742334988,0.9588744588744589,0.853570011084749,0.7907088931233267,0.801806559520148
4810,"[276, 280, 294, 318, 345, 486, 614, 670, 874, 986]",20,22896,0.7283333333333333,0.755848214285719,0.85,0.8537832341269872,0.7844772967265048,0.8018363875014298
4813,"[89, 124, 188, 227, 234, 250, 276, 279, 353, 354]",7,22913,0.6666666666666666,0.7558945990958885,0.6666666666666666,0.8539768221111935,0.6666666666666666,0.8019478563112985
4817,"[191, 243, 276, 298, 356, 365, 437, 448, 572, 580]",12,22911,0.7857142857142857,0.7557617942768801,0.8571428571428571,0.8537722846887611,0.8198757763975155,0.801782928628532
4820,"[5, 13, 38, 40, 86, 95, 141, 168, 171, 184]",18,22905,0.8,0.7557360466500106,1.0,0.8535676742433289,0.888888888888889,0.8016782056811651
4823,"[3897, 4211, 4692, 3787, 835, 3838, 771, 5174, 5899, 1813]",14,22901,0.6,0.7560216589313388,0.6964285714285714,0.8540011928846305,0.6446280991735538,0.8020301051575133
4829,"[1615, 2373, 4198, 4413, 4775, 4804, 4874, 5095, 5356, 3636]",17,22901,0.8999999999999999,0.7555674581919942,1.0,0.853541530282294,0.9473684210526315,0.8015718128679173
4851,"[16, 44, 61, 72, 74, 100, 141, 153, 230, 240]",23,22901,0.712962962962963,0.755867999761952,0.8888888888888888,0.8537200698288036,0.7912652536929994,0.8018196627192967
4856,"[60, 91, 105, 197, 201, 243, 294, 305, 341, 427]",18,22904,0.6666666666666666,0.7559423912396642,0.6666666666666666,0.8540771489218226,0.6666666666666666,0.8020189894022772
4870,"[30, 116, 124, 269, 276, 364, 383, 483, 497, 683]",16,22907,0.7208333333333333,0.7558491015113696,1.0,0.8535676742433289,0.8377723970944311,0.8017418102945185
4888,"[269, 294, 341, 354, 356, 399, 459, 709, 932, 1309]",10,22908,0.6875,0.7558967035582577,0.7291666666666667,0.853954440874294,0.7077205882352942,0.8019391719267851
4925,"[16, 49, 155, 201, 276, 325, 343, 350, 365, 395]",24,22898,0.8333333333333333,0.7556468416979268,0.9090909090909091,0.8536678176658561,0.8695652173913043,0.8016721733379158
4926,"[60, 72, 88, 116, 144, 174, 201, 290, 294, 305]",23,22899,0.509090909090909,0.7562838602131379,0.6363636363636364,0.8542036276319215,0.5656565656565656,0.8022669182955953
4934,"[153, 250, 860, 986, 1098, 1212, 1270, 1382, 1453, 1620]",19,22897,0.8266666666666665,0.7556726190476237,0.975,0.8535600198412729,0.8947271045328399,0.8016391416882376
4943,"[3, 7, 37, 87, 106, 125, 155, 188, 243, 292]",24,22899,0.7803030303030304,0.7557510269691063,0.9090909090909091,0.8536678176658561,0.839788014675907,0.8017308012045522
4957,"[835, 841, 986, 1226, 1979, 2037, 3634, 1270, 799, 4129]",23,22893,0.5242424242424243,0.756254092992801,0.8181818181818182,0.8538464209878779,0.6390313974964088,0.8020925961484235
4964,"[821, 1864, 2133, 2710, 3548, 5725, 2673, 3179, 5398, 5159]",12,22907,0.4,0.7563708861512873,0.5555555555555556,0.8542556884683321,0.46511627906976744,0.8023388441099918
4976,"[27, 78, 98, 106, 155, 206, 250, 298, 315, 320]",17,22905,0.9222222222222223,0.7555317502826923,1.0,0.853541530282294,0.9595375722543353,0.8015517181252506
5002,"[41, 158, 218, 448, 821, 835, 886, 1487, 1615, 1669]",14,22904,0.34444444444444444,0.7564601559245422,0.5555555555555556,0.8542556884683321,0.4252400548696845,0.8023890663865137
5019,"[46, 128, 167, 581, 627, 821, 826, 941, 1240, 1452]",17,22901,0.5481481481481482,0.7561328334226078,0.6666666666666666,0.8540771489218226,0.6016260162601625,0.8021261595155382
5029,"[46, 54, 128, 207, 488, 580, 586, 619, 827, 835]",23,22899,0.6666666666666666,0.7559423912396642,0.7777777777777778,0.853898609375313,0.717948717948718,0.8019402616790237
5035,"[367, 860, 941, 1052, 1200, 1429, 1772, 2061, 2488, 2613]",17,22902,0.75,0.7558095238095285,0.8,0.8538725198412729,0.7741935483870969,0.8018539874515463
5074,"[835, 5967, 4365, 1562, 3642, 2819, 4500, 2361, 906, 1795]",9,22906,0.47500000000000003,0.7560998096597717,0.6,0.8540481996986311,0.530232558139535,0.8020948105133721
5075,"[56, 67, 69, 74, 79, 86, 94, 138, 197, 203]",22,22898,0.8740740740740741,0.755609117419513,0.9777777777777779,0.8535772381915958,0.9230222222222223,0.8016110021693558
5093,"[31, 86, 171, 178, 283, 305, 341, 354, 364, 367]",14,22909,0.7777777777777778,0.7557638516931546,0.8888888888888888,0.8537200698288036,0.8296296296296296,0.8017610609386419
5102,"[320, 367, 502, 681, 704, 821, 835, 989, 1123, 1174]",20,22898,0.6136363636363636,0.7560784663928128,0.7121212121212122,0.8540547915302366,0.6592207792207793,0.8020857078979425
5123,"[27, 41, 49, 155, 209, 238, 243, 250, 257, 277]",13,22907,0.7777777777777778,0.7557638516931546,0.8888888888888888,0.8537200698288036,0.8296296296296296,0.8017610609386419
5141,"[8, 14, 31, 68, 72, 154, 176, 203, 207, 209]",24,22898,0.6816666666666666,0.7559315476190525,0.9,0.8536939484127015,0.775763962065332,0.8018438937598713
5145,"[44, 49, 57, 122, 146, 147, 155, 182, 197, 203]",31,22891,0.6833333333333333,0.7559285714285761,0.86,0.85376537698413,0.7615550755939524,0.8018737256174662
5152,"[2, 8, 13, 21, 25, 28, 35, 87, 100, 194]",29,22892,0.6240740740740741,0.7560108313991595,0.9777777777777779,0.8535772381915958,0.7618754014129737,0.8018370037654422
5174,"[22, 39, 44, 59, 72, 111, 214, 224, 227, 237]",38,22886,0.7316666666666667,0.7558422619047666,0.8714285714285716,0.8537449688208647,0.795455220555473,0.8018161625604663
5221,"[8, 22, 28, 29, 106, 116, 121, 129, 137, 140]",35,22888,0.8196969696969696,0.7556736321962302,1.0,0.8534892143438343,0.9009159034138218,0.8016084836040913
5223,"[47, 356, 391, 821, 860, 947, 989, 1258, 1371, 1713]",14,22906,0.725,0.7558541666666713,0.8,0.8538725198412729,0.760655737704918,0.8018791107008351
5243,"[21, 32, 68, 88, 111, 116, 129, 207, 234, 250]",22,22900,0.6375,0.7559681066285896,0.75,0.853924689594989,0.6891891891891891,0.8019662331688311
5277,"[1864, 3234, 4464, 1454, 4628, 3376, 5552, 4493, 1539, 1893]",15,22904,0.45999999999999996,0.7563273809523857,0.6,0.8542296626984158,0.520754716981132,0.8023028877710638
5284,"[57, 158, 226, 296, 313, 341, 405, 552, 572, 717]",14,22908,0.4375,0.7562537189099179,0.625,0.8541031972708191,0.5147058823529411,0.8022056635752841
5286,"[50, 64, 98, 158, 250, 276, 345, 357, 512, 565]",11,22912,0.625,0.7559859573961727,0.625,0.8541031972708191,0.625,0.802054993578859
5310,"[7, 19, 25, 108, 155, 182, 196, 200, 215, 232]",32,22889,0.8424242424242423,0.7556289813657248,0.8606060606060606,0.8537630727709343,0.8514180955462094,0.8017041209410521
5319,"[47, 986, 1075, 1382, 1431, 2373, 3795, 4365, 4628, 4749]",17,22901,0.7133333333333333,0.7558750000000046,0.78,0.8539082341269871,0.7451785714285715,0.8019065831814007
5329,"[3264, 4189, 835, 5725, 5192, 2834, 5259, 1704, 3234, 4129]",8,22908,0.7142857142857143,0.7558510321851437,0.6607142857142857,0.8540176889364856,0.686456400742115,0.8019413548668406
5355,"[46, 417, 709, 1813, 1864, 2061, 2204, 2722, 2775, 2982]",20,22900,0.6,0.7560773809523855,0.7,0.8540510912698444,0.6461538461538462,0.8020834652971807
5367,"[3071, 1566, 3234, 3495, 1772, 3877, 941, 2982, 592, 4874]",11,22904,0.6125,0.7560038081637557,0.8125,0.853835435757074,0.6984649122807017,0.8019469563996451
5412,"[821, 986, 1477, 1615, 2037, 2061, 3043, 4189, 4196, 4464]",18,22900,0.5383333333333333,0.7561875000000047,0.6799999999999999,0.8540868055555586,0.6009302325581395,0.802161177195487
5428,"[1226, 1256, 1270, 1487, 1615, 1970, 2037, 2160, 2467, 2982]",14,22904,0.6666666666666666,0.7559264548375627,0.9791666666666667,0.853597425522634,0.7932489451476793,0.8017984493518576
5434,"[21, 209, 313, 341, 473, 708, 932, 946, 1026, 1174]",11,22910,0.5714285714285714,0.7560295080016703,0.5714285714285714,0.8541292363218148,0.5714285714285714,0.8020909846097657
5452,"[821, 835, 947, 1123, 1226, 1307, 1810, 2045, 2111, 2182]",15,22902,0.38518518518518513,0.7563946914241552,0.5333333333333333,0.8542913963776341,0.44731182795698915,0.802367987211286
5458,"[835, 1305, 1341, 2045, 2373, 4196, 449, 3877, 989, 5058]",20,22899,0.7466666666666667,0.7558154761904807,0.8,0.8538725198412729,0.7724137931034483,0.8018573372986332
5493,"[835, 1970, 2819, 128, 2128, 5784, 2514, 5391, 5609, 1907]",11,22906,0.7875,0.7557538974175936,0.8333333333333333,0.853805684477769,0.8097686375321337,0.8017932121798507
5497,"[47, 158, 269, 345, 356, 657, 775, 821, 1154, 1174]",13,22907,0.5208333333333334,0.7561347137926978,0.625,0.8541031972708191,0.5681818181818181,0.8021387053187127
5501,"[61, 821, 841, 986, 3264, 3893, 4045, 4110, 4184, 4196]",21,22899,0.225,0.7567470238095287,0.4,0.8545868055555587,0.28800000000000003,0.8026965113068874
5504,"[559, 986, 1039, 1477, 1573, 2061, 4184, 4230, 4493, 5051]",18,22896,0.5583333333333333,0.7561517857142904,0.65,0.85414037698413,0.6006896551724137,0.8021647080799778
5509,"[74, 153, 155, 168, 194, 209, 290, 315, 363, 489]",10,22912,0.625,0.7559859573961727,0.75,0.853924689594989,0.6818181818181818,0.8019762776452294
5515,"[31, 72, 104, 180, 210, 214, 280, 296, 315, 320]",27,22895,0.7803030303030302,0.7557510269691063,0.9090909090909091,0.8536678176658561,0.839788014675907,0.8017308012045522
5522,"[572, 1615, 4211, 1612, 1341, 5174, 3397, 3076, 1258, 835]",15,22903,0.7291666666666666,0.7558372009996477,0.8541666666666667,0.853775933198464,0.7867324561403508,0.8018269706168581
5525,"[16, 22, 28, 32, 35, 62, 67, 82, 86, 100]",30,22893,0.7106060606060607,0.7558879561826563,0.7922077922077922,0.8538974505084554,0.7491914681890197,0.8019091190311274
5536,"[1226, 3570, 5391, 158, 4672, 5525, 4324, 4129, 1970, 4775]",14,22902,0.55,0.7561666666666714,0.6833333333333333,0.8540808531746064,0.6094594594594595,0.8021468300383138
5539,"[356, 835, 2217, 3634, 941, 665, 906, 761, 421, 3076]",10,22907,0.575,0.7560573604665047,0.575,0.854174600341151,0.575,0.8021266617854749
5543,"[164, 826, 874, 1045, 1102, 1480, 1813, 1907, 2053, 2373]",11,22905,0.6285714285714287,0.7559581176750597,0.673469387755102,0.8540017535957243,0.6502463054187192,0.801994595840259
5555,"[986, 1226, 2834, 4464, 5146, 1813, 304, 2982, 5897, 2488]",12,22902,0.5166666666666666,0.7561406640485588,0.6964285714285714,0.8540011928846305,0.5932286555446515,0.8020970653057685
5560,"[197, 200, 421, 434, 572, 580, 665, 684, 734, 750]",15,22904,0.7458333333333333,0.7558133999762036,0.875,0.853746181919159,0.8052699228791773,0.8018004573812305
5599,"[12, 128, 160, 443, 449, 502, 564, 614, 619, 670]",22,22899,0.9083333333333332,0.7555267857142904,1.0,0.85351537698413,0.9519650655021833,0.801537391971256
5601,"[41, 60, 141, 197, 218, 269, 320, 383, 421, 433]",10,22911,0.7708333333333333,0.7557776984410377,0.875,0.853746181919159,0.819620253164557,0.8017803678430496
5603,"[71, 77, 167, 269, 421, 826, 942, 1200, 1398, 1531]",16,22904,0.47916666666666663,0.7561942163513079,0.75,0.853924689594989,0.5847457627118645,0.8020934467467883
5614,"[361, 986, 1226, 3893, 5145, 5398, 2182, 821, 5967, 3634]",20,22894,0.5,0.756255952380957,0.6555555555555556,0.8541304563492094,0.5673076923076924,0.8022189435059813
5627,"[841, 886, 986, 1838, 4184, 4211, 5772, 3542, 1037, 5258]",19,22895,0.6183333333333334,0.7560446428571477,0.86,0.85376537698413,0.7194137542277339,0.8019390258105208
5636,"[3939, 4061, 158, 835, 6034, 5311, 1612, 5999, 2982, 5383]",17,22897,0.6583333333333333,0.7559383553492847,0.6964285714285714,0.8540011928846305,0.6768453427065025,0.8019832271636783
5655,"[89, 250, 580, 592, 653, 841, 902, 1123, 1247, 1332]",16,22905,0.5476190476190476,0.7560592539710916,0.8571428571428571,0.8537722846887611,0.668280871670702,0.8019502924639492
5668,"[72, 218, 294, 341, 383, 600, 734, 860, 1049, 1070]",14,22908,0.6111111111111112,0.756031661012919,0.6666666666666666,0.8540771489218226,0.6376811594202899,0.802069228549485
5684,"[61, 941, 942, 1174, 1477, 1480, 1713, 1864, 2440, 2577]",26,22888,0.495,0.7562648809523854,0.65,0.85414037698413,0.5620087336244541,0.8022283426275217
5687,"[16, 63, 67, 104, 171, 203, 269, 285, 312, 313]",23,22897,0.5833333333333334,0.7560762958995464,0.7777777777777778,0.853898609375313,0.6666666666666666,0.8020156035165525
5695,"[50, 116, 132, 180, 233, 292, 294, 305, 312, 332]",28,22893,0.535,0.7561934523809571,0.7,0.8540510912698444,0.6064777327935224,0.8021487739406644
5703,"[76, 77, 113, 126, 132, 229, 347, 350, 361, 393]",26,22894,0.75,0.7558105614097803,1.0,0.8534892143438343,0.8571428571428571,0.8016855180984845
5707,"[50, 104, 254, 312, 458, 488, 559, 580, 599, 703]",13,22907,0.625,0.7559859573961727,0.75,0.853924689594989,0.6818181818181818,0.8019762776452294
5714,"[30, 168, 196, 197, 200, 206, 248, 266, 288, 371]",19,22902,0.6574074074074073,0.7559572695352066,0.7777777777777778,0.853898609375313,0.7125448028673835,0.8019486336132465
5727,"[21, 28, 60, 69, 88, 97, 125, 196, 197, 203]",21,22901,0.7851851851851852,0.7557519490567208,0.8888888888888888,0.8537200698288036,0.8338249754178958,0.8017543631093704
5775,"[79, 250, 320, 361, 512, 807, 821, 835, 886, 986]",14,22908,0.6041666666666666,0.7560157086754777,0.75,0.853924689594989,0.6692307692307693,0.8019930179442417
5794,"[76, 160, 211, 221, 253, 269, 345, 421, 574, 592]",11,22907,0.8333333333333334,0.7556745819198999,0.8888888888888888,0.8537200698288036,0.8602150537634408,0.8017108248042599
5796,"[5, 6, 43, 89, 165, 178, 190, 193, 196, 218]",22,22900,0.7222222222222222,0.7558531214664095,0.8888888888888888,0.8537200698288036,0.7969348659003831,0.8018112915006542
5797,"[46, 108, 197, 243, 269, 276, 294, 345, 353, 565]",18,22903,0.6833333333333333,0.7559285714285761,0.8,0.8538725198412729,0.7370786516853933,0.8019209796864687
5817,"[3, 4, 34, 57, 60, 79, 107, 190, 203, 213]",22,22902,0.6958333333333334,0.7558848030465356,0.875,0.853746181919159,0.7751989389920425,0.8018406337840831
5819,"[40, 68, 69, 84, 89, 107, 178, 184, 218, 239]",24,22899,0.7666666666666667,0.7557797619047665,0.9,0.8536939484127015,0.8280000000000001,0.8017584940155689
5825,"[31, 178, 213, 276, 305, 359, 391, 432, 572, 1007]",13,22908,0.75,0.7558074497203426,0.875,0.853746181919159,0.8076923076923077,0.8017971091867567
5828,"[13, 27, 29, 43, 49, 56, 68, 87, 95, 97]",31,22891,0.77,0.7557738095238142,0.9800000000000001,0.8535510912698443,0.8624,0.8016921375591519
5832,"[40, 60, 89, 128, 164, 207, 269, 298, 317, 361]",15,22905,0.7777777777777778,0.7557638516931546,0.8888888888888888,0.8537200698288036,0.8296296296296296,0.8017610609386419
5838,"[14, 356, 799, 821, 835, 886, 1123, 1240, 1341, 1653]",17,22900,0.5296296296296297,0.7561625900136927,0.7333333333333333,0.8539700251939168,0.6150537634408602,0.8020956534209813
5846,"[41, 87, 101, 130, 215, 252, 316, 361, 417, 449]",28,22893,0.8106060606060607,0.7556914925284323,0.875,0.8537347939116143,0.8415730337078653,0.8017268340528679
5874,"[1713, 2834, 3234, 3838, 4365, 4804, 5334, 2613, 1840, 3043]",13,22903,0.6333333333333334,0.7559521684811755,0.8035714285714286,0.8538392131199587,0.7083678541839271,0.8019195680502437
5909,"[2, 13, 15, 27, 45, 99, 138, 174, 178, 214]",32,22891,0.6530303030303031,0.7560010716199368,1.0,0.8534892143438343,0.7901008249312558,0.8017926747207728
5912,"[21, 164, 356, 511, 782, 835, 941, 1174, 1197, 1229]",10,22911,0.2222222222222222,0.7563704496788057,0.3333333333333333,0.8543337100483812,0.26666666666666666,0.802373010018805
5915,"[986, 1477, 1977, 2613, 3043, 3168, 3278, 3381, 3897, 4196]",18,22899,0.7037037037037037,0.7558828780574944,0.8703703703703705,0.8537498264198885,0.7782135076252724,0.8018411580980886
5928,"[52, 87, 180, 201, 222, 252, 339, 359, 391, 421]",26,22898,0.8020833333333334,0.7557330715220801,1.0,0.8535676742433289,0.8901734104046243,0.8016765317548697
5932,"[6, 27, 31, 71, 72, 107, 155, 165, 178, 219]",23,22899,0.7666666666666667,0.7557797619047666,1.0,0.85351537698413,0.8679245283018869,0.8016797327114248
5950,"[21, 572, 2834, 4775, 2373, 986, 5725, 1240, 3291, 61]",9,22907,0.6222222222222222,0.7559421841541805,0.7333333333333334,0.853905444523756,0.6732240437158471,0.8019431594585686
5953,"[16, 108, 153, 167, 356, 421, 580, 759, 835, 1007]",21,22897,0.6481481481481481,0.7559721478307492,0.8703703703703705,0.8537498264198885,0.7429990966576333,0.8018913828758857
5955,"[572, 782, 1713, 1838, 1979, 2061, 2210, 2440, 2930, 4255]",12,22908,0.5714285714285714,0.7560295080016706,0.7142857142857143,0.853950760505288,0.634920634920635,0.8020122804625227
5969,"[30, 60, 64, 71, 98, 110, 112, 124, 144, 269]",13,22907,0.5833333333333333,0.7560146350169601,0.8571428571428571,0.8537722846887611,0.6942148760330578,0.8019251918316801
5973,"[108, 197, 269, 346, 440, 444, 498, 635, 925, 928]",21,22901,0.7966666666666666,0.7557261904761952,1.0,0.85351537698413,0.8868274582560297,0.8016495937015035
5996,"[4672, 4991, 5125, 5215, 5258, 5036, 1052, 158, 6012, 507]",10,22904,0.5714285714285714,0.7560295080016707,0.5,0.8542184742300782,0.5333333333333333,0.8021303301408607
